datetime,D21Z,D22Z,D41Z,D51Z,D81Z,D82Z,D211Z,D212Z,Total
2024-03-01 01:00:00,4,8,1,2,2,2,0,0,0.0
2024-03-01 01:10:00,0,3,0,2,6,8,0,0,0.0
2024-03-01 01:20:00,3,5,1,4,5,5,0,0,0.0
2024-03-01 01:30:00,4,3,1,1,4,4,0,0,0.0
2024-03-01 01:40:00,2,4,2,2,10,10,0,0,0.0
2024-03-01 01:50:00,1,1,1,1,2,2,0,0,0.0
2024-03-01 02:00:00,4,5,0,1,1,1,0,0,0.0
2024-03-01 02:10:00,0,4,2,1,2,2,0,0,0.0
2024-03-01 02:20:00,3,4,2,2,2,2,0,0,0.0
2024-03-01 02:30:00,0,0,1,0,0,0,0,0,0.0
2024-03-01 02:40:00,0,0,0,0,2,2,0,0,0.0
2024-03-01 02:50:00,3,3,0,0,3,3,0,0,0.0
2024-03-01 03:00:00,1,1,0,1,2,2,0,0,0.0
2024-03-01 03:10:00,0,0,0,0,0,0,0,0,0.0
2024-03-01 03:20:00,1,1,0,2,2,2,0,0,0.0
2024-03-01 03:30:00,0,3,0,0,4,4,0,0,0.0
2024-03-01 03:40:00,3,4,1,0,3,3,0,0,0.0
2024-03-01 03:50:00,1,2,0,3,4,4,0,0,0.0
2024-03-01 04:00:00,3,5,0,2,5,5,0,0,0.0
2024-03-01 04:10:00,3,9,0,0,3,3,0,0,0.0
2024-03-01 04:20:00,3,6,1,1,5,5,0,0,0.0
2024-03-01 04:30:00,4,7,0,4,6,6,0,0,0.0
2024-03-01 04:40:00,2,2,1,0,7,7,0,0,0.0
2024-03-01 04:50:00,3,4,0,0,7,7,0,0,0.0
2024-03-01 05:00:00,5,12,1,6,10,11,0,0,0.0
2024-03-01 05:10:00,6,13,3,1,12,13,0,0,0.0
2024-03-01 05:20:00,5,9,4,3,6,6,0,0,0.0
2024-03-01 05:30:00,4,10,2,3,25,25,0,0,0.0
2024-03-01 05:40:00,11,18,4,1,27,27,0,0,0.0
2024-03-01 05:50:00,4,8,1,1,27,29,0,0,0.0
2024-03-01 06:00:00,10,11,1,2,21,21,0,0,0.0
2024-03-01 06:10:00,13,20,4,5,22,24,0,0,0.0
2024-03-01 06:20:00,14,17,2,7,35,33,0,0,0.0
2024-03-01 06:30:00,14,18,2,4,29,29,0,0,0.0
2024-03-01 06:40:00,14,19,7,7,42,42,0,0,0.0
2024-03-01 06:50:00,21,27,2,17,40,42,0,0,0.0
2024-03-01 07:00:00,18,13,3,10,37,45,0,0,0.0
2024-03-01 07:10:00,22,22,6,10,49,48,0,0,0.0
2024-03-01 07:20:00,27,27,9,14,49,49,0,0,0.0
2024-03-01 07:30:00,33,35,12,8,42,42,0,0,0.0
2024-03-01 07:40:00,38,28,8,9,76,77,0,0,0.0
2024-03-01 07:50:00,42,39,9,7,75,74,0,0,0.0
2024-03-01 08:00:00,42,33,8,6,57,58,0,0,0.0
2024-03-01 08:10:00,38,22,6,6,53,56,0,0,0.0
2024-03-01 08:20:00,39,35,11,3,59,57,0,0,0.0
2024-03-01 08:30:00,37,20,11,14,55,55,0,0,0.0
2024-03-01 08:40:00,37,33,11,10,60,60,0,0,0.0
2024-03-01 08:50:00,34,25,10,9,51,51,0,0,0.0
2024-03-01 09:00:00,41,25,11,3,35,43,0,0,0.0
2024-03-01 09:10:00,32,27,12,8,53,54,0,0,0.0
2024-03-01 09:20:00,27,27,7,8,45,43,0,0,0.0
2024-03-01 09:30:00,30,21,10,25,52,52,0,0,0.0
2024-03-01 09:40:00,29,28,7,4,53,54,0,0,0.0
2024-03-01 09:50:00,27,25,10,4,61,62,0,0,0.0
2024-03-01 10:00:00,34,29,12,8,45,45,0,0,0.0
2024-03-01 10:10:00,36,25,5,7,59,61,0,0,0.0
2024-03-01 10:20:00,18,23,8,5,62,61,0,0,0.0
2024-03-01 10:30:00,41,30,7,6,49,49,0,0,0.0
2024-03-01 10:40:00,36,31,12,9,42,42,0,0,0.0
2024-03-01 10:50:00,49,42,16,7,56,55,0,0,0.0
2024-03-01 11:00:00,38,37,4,7,60,61,0,0,0.0
2024-03-01 11:10:00,46,25,17,9,60,61,0,0,0.0
2024-03-01 11:20:00,43,29,23,14,64,73,0,0,0.0
2024-03-01 11:30:00,24,25,10,8,58,57,0,0,0.0
2024-03-01 11:40:00,41,32,14,7,62,65,0,0,0.0
2024-03-01 11:50:00,43,39,22,10,69,67,0,0,0.0
2024-03-01 12:00:00,55,33,24,4,73,75,0,0,0.0
2024-03-01 12:10:00,77,44,18,14,77,80,0,0,0.0
2024-03-01 12:20:00,53,34,8,16,74,69,0,0,0.0
2024-03-01 12:30:00,50,28,12,17,58,59,0,0,0.0
2024-03-01 12:40:00,76,39,14,7,83,84,0,0,0.0
2024-03-01 12:50:00,71,45,13,10,68,71,0,0,0.0
2024-03-01 13:00:00,63,35,24,27,65,61,0,0,0.0
2024-03-01 13:10:00,52,32,18,13,80,79,0,0,0.0
2024-03-01 13:20:00,45,30,15,14,59,62,0,0,0.0
2024-03-01 13:30:00,53,32,14,13,66,66,0,0,0.0
2024-03-01 13:40:00,50,29,16,14,61,63,0,0,0.0
2024-03-01 13:50:00,71,43,10,8,64,60,0,0,0.0
2024-03-01 14:00:00,53,37,21,14,52,54,0,0,0.0
2024-03-01 14:10:00,62,29,8,12,60,60,0,0,0.0
2024-03-01 14:20:00,60,37,14,7,79,81,0,0,0.0
2024-03-01 14:30:00,49,31,14,12,56,54,0,0,0.0
2024-03-01 14:40:00,45,32,14,5,67,67,0,0,0.0
2024-03-01 14:50:00,43,29,26,16,54,58,0,0,0.0
2024-03-01 15:00:00,48,36,14,10,74,71,0,0,0.0
2024-03-01 15:10:00,54,37,25,14,54,53,0,0,0.0
2024-03-01 15:20:00,58,36,11,8,73,71,0,0,0.0
2024-03-01 15:30:00,58,28,9,7,59,62,0,0,0.0
2024-03-01 15:40:00,53,37,16,9,60,61,0,0,0.0
2024-03-01 15:50:00,57,31,8,18,64,65,0,0,0.0
2024-03-01 16:00:00,37,32,21,9,47,48,0,0,0.0
2024-03-01 16:10:00,54,33,8,11,66,65,0,0,0.0
2024-03-01 16:20:00,49,39,14,6,63,62,0,0,0.0
2024-03-01 16:30:00,54,32,18,8,57,56,0,0,0.0
2024-03-01 16:40:00,38,27,22,13,65,65,0,0,0.0
2024-03-01 16:50:00,56,39,13,14,60,60,0,0,0.0
2024-03-01 17:00:00,56,30,10,5,53,54,0,0,0.0
2024-03-01 17:10:00,56,31,19,18,63,64,0,0,0.0
2024-03-01 17:20:00,47,34,14,11,62,62,0,0,0.0
2024-03-01 17:30:00,55,32,13,11,53,53,0,0,0.0
2024-03-01 17:40:00,53,40,11,9,55,57,0,0,0.0
2024-03-01 17:50:00,59,43,5,13,55,54,0,0,0.0
2024-03-01 18:00:00,43,34,10,16,51,51,0,0,0.0
2024-03-01 18:10:00,42,29,15,6,52,54,0,0,0.0
2024-03-01 18:20:00,60,36,9,8,59,59,0,0,0.0
2024-03-01 18:30:00,32,27,11,9,67,69,0,0,0.0
2024-03-01 18:40:00,45,27,16,6,58,59,0,0,0.0
2024-03-01 18:50:00,49,29,7,8,70,68,0,0,0.0
2024-03-01 19:00:00,54,29,14,15,57,60,0,0,0.0
2024-03-01 19:10:00,38,29,13,10,59,59,0,0,0.0
2024-03-01 19:20:00,59,36,12,8,61,61,0,0,0.0
2024-03-01 19:30:00,27,19,19,12,52,53,0,0,0.0
2024-03-01 19:40:00,28,29,16,10,43,49,0,0,0.0
2024-03-01 19:50:00,28,28,10,8,58,54,0,0,0.0
2024-03-01 20:00:00,30,28,10,9,46,46,0,0,0.0
2024-03-01 20:10:00,34,26,8,11,47,48,0,0,0.0
2024-03-01 20:20:00,31,29,15,10,54,54,0,0,0.0
2024-03-01 20:30:00,43,40,8,10,37,37,0,0,0.0
2024-03-01 20:40:00,21,28,11,7,38,37,0,0,0.0
2024-03-01 20:50:00,29,24,6,5,26,29,0,0,0.0
2024-03-01 21:00:00,15,12,3,2,23,23,0,0,0.0
2024-03-01 21:10:00,18,14,2,1,26,24,0,0,0.0
2024-03-01 21:20:00,24,14,10,5,28,30,0,0,0.0
2024-03-01 21:30:00,26,22,11,7,20,19,0,0,0.0
2024-03-01 21:40:00,22,14,11,8,30,30,0,0,0.0
2024-03-01 21:50:00,13,10,5,9,21,24,0,0,0.0
2024-03-01 22:00:00,23,16,11,14,34,31,0,0,0.0
2024-03-01 22:10:00,29,13,5,10,38,39,0,0,0.0
2024-03-01 22:20:00,23,27,8,12,28,27,0,0,0.0
2024-03-01 22:30:00,19,14,3,12,32,32,0,0,0.0
2024-03-01 22:40:00,32,19,9,9,20,20,0,0,0.0
2024-03-01 22:50:00,16,11,18,10,19,19,0,0,0.0
2024-03-01 23:00:00,17,14,3,6,22,22,0,0,0.0
2024-03-01 23:10:00,15,15,4,9,24,24,0,0,0.0
2024-03-01 23:20:00,15,17,2,5,35,35,0,0,0.0
2024-03-01 23:30:00,16,16,5,2,27,27,0,0,0.0
2024-03-01 23:40:00,14,13,8,13,18,18,0,0,0.0
2024-03-01 23:50:00,8,7,6,9,16,16,0,0,0.0
2024-03-02 00:00:00,8,11,4,10,14,14,0,0,0.0
2024-03-02 00:10:00,10,13,4,10,25,26,0,0,0.0
2024-03-02 00:20:00,15,19,7,6,13,13,0,0,0.0
2024-03-02 00:30:00,8,8,5,3,8,8,0,0,0.0
2024-03-02 00:40:00,12,8,0,3,11,11,0,0,0.0
2024-03-02 00:50:00,6,8,1,1,14,14,0,0,0.0
2024-03-02 01:00:00,8,3,1,2,10,10,0,0,0.0
2024-03-02 01:10:00,3,5,0,1,8,8,0,0,0.0
2024-03-02 01:20:00,12,17,1,1,6,6,0,0,0.0
2024-03-02 01:30:00,5,8,1,2,5,5,0,0,0.0
2024-03-02 01:40:00,5,6,1,1,5,6,0,0,0.0
2024-03-02 01:50:00,3,3,1,0,5,4,0,0,0.0
2024-03-02 02:00:00,2,5,1,0,6,6,0,0,0.0
2024-03-02 02:10:00,2,2,1,1,8,8,0,0,0.0
2024-03-02 02:20:00,2,5,0,2,6,6,0,0,0.0
2024-03-02 02:30:00,3,5,0,1,1,1,0,0,0.0
2024-03-02 02:40:00,4,4,0,1,3,3,0,0,0.0
2024-03-02 02:50:00,3,4,1,1,0,0,0,0,0.0
2024-03-02 03:00:00,2,4,1,0,6,6,0,0,0.0
2024-03-02 03:10:00,0,2,2,1,6,6,0,0,0.0
2024-03-02 03:20:00,1,6,4,3,2,3,0,0,0.0
2024-03-02 03:30:00,2,4,2,2,4,4,0,0,0.0
2024-03-02 03:40:00,2,4,0,2,3,3,0,0,0.0
2024-03-02 03:50:00,3,7,2,2,3,3,0,0,0.0
2024-03-02 04:00:00,5,5,0,0,4,4,0,0,0.0
2024-03-02 04:10:00,0,2,0,3,1,1,0,0,0.0
2024-03-02 04:20:00,2,2,2,0,6,7,0,0,0.0
2024-03-02 04:30:00,7,5,1,2,5,5,0,0,0.0
2024-03-02 04:40:00,2,4,1,0,3,3,0,0,0.0
2024-03-02 04:50:00,2,4,0,2,7,7,0,0,0.0
2024-03-02 05:00:00,1,8,2,2,7,8,0,0,0.0
2024-03-02 05:10:00,4,6,0,0,7,7,0,0,0.0
2024-03-02 05:20:00,5,3,2,1,5,5,0,0,0.0
2024-03-02 05:30:00,4,9,3,2,8,8,0,0,0.0
2024-03-02 05:40:00,9,7,1,3,12,12,0,0,0.0
2024-03-02 05:50:00,5,6,0,3,3,3,0,0,0.0
2024-03-02 06:00:00,6,9,2,3,16,16,0,0,0.0
2024-03-02 06:10:00,4,8,4,0,11,11,0,0,0.0
2024-03-02 06:20:00,3,8,1,3,10,10,0,0,0.0
2024-03-02 06:30:00,6,10,0,3,8,8,0,0,0.0
2024-03-02 06:40:00,7,9,2,0,8,8,0,0,0.0
2024-03-02 06:50:00,8,10,0,3,10,10,0,0,0.0
2024-03-02 07:00:00,5,10,1,1,11,12,0,0,0.0
2024-03-02 07:10:00,8,14,0,3,16,16,0,0,0.0
2024-03-02 07:20:00,5,6,0,1,13,13,0,0,0.0
2024-03-02 07:30:00,5,10,0,1,12,12,0,0,0.0
2024-03-02 07:40:00,13,12,0,0,16,16,0,0,0.0
2024-03-02 07:50:00,7,12,0,6,18,18,0,0,0.0
2024-03-02 08:00:00,10,13,2,0,17,17,0,0,0.0
2024-03-02 08:10:00,12,16,3,1,19,21,0,0,0.0
2024-03-02 08:20:00,13,12,3,3,15,15,0,0,0.0
2024-03-02 08:30:00,15,18,4,2,23,23,0,0,0.0
2024-03-02 08:40:00,14,17,7,2,32,32,0,0,0.0
2024-03-02 08:50:00,12,21,4,2,37,37,0,0,0.0
2024-03-02 09:00:00,18,12,8,3,22,22,0,0,0.0
2024-03-02 09:10:00,18,16,7,2,27,28,0,0,0.0
2024-03-02 09:20:00,23,24,6,5,29,28,0,0,0.0
2024-03-02 09:30:00,25,18,8,6,26,26,0,0,0.0
2024-03-02 09:40:00,30,16,8,1,43,43,0,0,0.0
2024-03-02 09:50:00,28,22,4,6,53,54,0,0,0.0
2024-03-02 10:00:00,41,13,7,3,50,53,0,0,0.0
2024-03-02 10:10:00,29,19,3,2,45,44,0,0,0.0
2024-03-02 10:20:00,25,12,10,8,48,47,0,0,0.0
2024-03-02 10:30:00,41,20,10,6,42,42,0,0,0.0
2024-03-02 10:40:00,33,21,8,3,45,45,0,0,0.0
2024-03-02 10:50:00,43,20,9,0,55,56,0,0,0.0
2024-03-02 11:00:00,33,14,12,4,54,52,0,0,0.0
2024-03-02 11:10:00,27,19,6,2,52,52,0,0,0.0
2024-03-02 11:20:00,49,33,6,9,56,58,0,0,0.0
2024-03-02 11:30:00,55,32,5,7,74,73,0,0,0.0
2024-03-02 11:40:00,31,19,13,3,51,49,0,0,0.0
2024-03-02 11:50:00,48,29,11,5,43,43,0,0,0.0
2024-03-02 12:00:00,46,27,12,7,57,56,0,0,0.0
2024-03-02 12:10:00,56,35,8,5,55,60,0,0,0.0
2024-03-02 12:20:00,45,37,3,5,72,68,0,0,0.0
2024-03-02 12:30:00,49,27,14,7,67,66,0,0,0.0
2024-03-02 12:40:00,44,27,14,2,56,59,0,0,0.0
2024-03-02 12:50:00,39,25,9,5,55,53,0,0,0.0
2024-03-02 13:00:00,46,33,12,13,67,67,0,0,0.0
2024-03-02 13:10:00,47,28,11,6,60,63,0,0,0.0
2024-03-02 13:20:00,38,25,10,8,47,46,0,0,0.0
2024-03-02 13:30:00,45,29,6,8,58,60,0,0,0.0
2024-03-02 13:40:00,28,24,15,11,52,53,0,0,0.0
2024-03-02 13:50:00,53,29,10,6,52,50,0,0,0.0
2024-03-02 14:00:00,42,29,8,5,52,52,0,0,0.0
2024-03-02 14:10:00,48,36,6,6,62,62,0,0,0.0
2024-03-02 14:20:00,39,21,8,8,57,58,0,0,0.0
2024-03-02 14:30:00,51,31,12,8,52,53,0,0,0.0
2024-03-02 14:40:00,50,33,6,6,56,55,0,0,0.0
2024-03-02 14:50:00,31,24,15,8,62,63,0,0,0.0
2024-03-02 15:00:00,38,24,9,9,48,46,0,0,0.0
2024-03-02 15:10:00,29,31,13,6,55,55,0,0,0.0
2024-03-02 15:20:00,31,28,9,5,49,50,0,0,0.0
2024-03-02 15:30:00,36,22,9,4,58,59,0,0,0.0
2024-03-02 15:40:00,32,27,14,6,53,52,0,0,0.0
2024-03-02 15:50:00,45,34,10,11,61,61,0,0,0.0
2024-03-02 16:00:00,38,25,4,4,53,54,0,0,0.0
2024-03-02 16:10:00,42,28,11,8,54,53,0,0,0.0
2024-03-02 16:20:00,36,25,12,10,57,57,0,0,0.0
2024-03-02 16:30:00,36,21,6,10,53,53,0,0,0.0
2024-03-02 16:40:00,36,21,7,9,57,57,0,0,0.0
2024-03-02 16:50:00,35,27,11,6,52,53,0,0,0.0
2024-03-02 17:00:00,49,23,19,15,47,50,0,0,0.0
2024-03-02 17:10:00,33,19,9,20,59,59,0,0,0.0
2024-03-02 17:20:00,44,25,15,3,59,58,0,0,0.0
2024-03-02 17:30:00,28,22,15,5,55,55,0,0,0.0
2024-03-02 17:40:00,30,18,10,4,42,42,0,0,0.0
2024-03-02 17:50:00,38,31,9,12,53,56,0,0,0.0
2024-03-02 18:00:00,38,23,14,10,54,52,0,0,0.0
2024-03-02 18:10:00,38,29,16,18,62,62,0,0,0.0
2024-03-02 18:20:00,33,23,9,6,71,69,0,0,0.0
2024-03-02 18:30:00,44,34,14,14,59,58,0,0,0.0
2024-03-02 18:40:00,35,32,10,6,47,48,0,0,0.0
2024-03-02 18:50:00,41,29,8,11,60,58,0,0,0.0
2024-03-02 19:00:00,30,24,12,6,57,57,0,0,0.0
2024-03-02 19:10:00,40,32,15,15,51,51,0,0,0.0
2024-03-02 19:20:00,44,35,10,9,54,54,0,0,0.0
2024-03-02 19:30:00,34,36,15,10,52,54,0,0,0.0
2024-03-02 19:40:00,26,24,13,13,51,49,0,0,0.0
2024-03-02 19:50:00,33,23,20,10,45,46,0,0,0.0
2024-03-02 20:00:00,34,24,8,9,43,42,0,0,0.0
2024-03-02 20:10:00,22,19,14,10,50,51,0,0,0.0
2024-03-02 20:20:00,32,28,16,13,46,45,0,0,0.0
2024-03-02 20:30:00,24,20,5,5,38,39,0,0,0.0
2024-03-02 20:40:00,32,28,14,10,39,40,0,0,0.0
2024-03-02 20:50:00,20,21,14,11,36,39,0,0,0.0
2024-03-02 21:00:00,24,33,8,9,23,28,0,0,0.0
2024-03-02 21:10:00,27,23,6,8,38,34,0,0,0.0
2024-03-02 21:20:00,31,17,8,4,34,34,0,0,0.0
2024-03-02 21:30:00,18,20,4,4,27,27,0,0,0.0
2024-03-02 21:40:00,19,24,10,6,22,23,0,0,0.0
2024-03-02 21:50:00,16,22,4,2,35,34,0,0,0.0
2024-03-02 22:00:00,20,17,16,11,33,33,0,0,0.0
2024-03-02 22:10:00,19,16,14,11,20,20,0,0,0.0
2024-03-02 22:20:00,16,16,15,14,29,30,0,0,0.0
2024-03-02 22:30:00,24,18,6,6,30,30,0,0,0.0
2024-03-02 22:40:00,21,15,10,9,28,29,0,0,0.0
2024-03-02 22:50:00,25,16,16,14,26,25,0,0,0.0
2024-03-02 23:00:00,20,16,6,6,25,27,0,0,0.0
2024-03-02 23:10:00,16,16,3,7,23,21,0,0,0.0
2024-03-02 23:20:00,6,8,4,5,11,11,0,0,0.0
2024-03-02 23:30:00,11,18,9,10,18,18,0,0,0.0
2024-03-02 23:40:00,10,14,5,11,25,25,0,0,0.0
2024-03-02 23:50:00,10,8,3,10,18,18,0,0,0.0
2024-03-03 00:00:00,10,9,3,5,21,21,0,0,0.0
2024-03-03 00:10:00,26,11,11,9,12,13,0,0,0.0
2024-03-03 00:20:00,9,7,6,7,19,19,0,0,0.0
2024-03-03 00:30:00,12,15,2,4,16,17,0,0,0.0
2024-03-03 00:40:00,12,12,2,4,14,16,0,0,0.0
2024-03-03 00:50:00,9,14,4,8,24,23,0,0,0.0
2024-03-03 01:00:00,7,10,2,2,20,20,0,0,0.0
2024-03-03 01:10:00,7,9,1,0,9,9,0,0,0.0
2024-03-03 01:20:00,9,9,2,3,8,8,0,0,0.0
2024-03-03 01:30:00,10,13,1,7,7,7,0,0,0.0
2024-03-03 01:40:00,6,7,4,3,12,11,0,0,0.0
2024-03-03 01:50:00,3,9,0,4,5,5,0,0,0.0
2024-03-03 02:00:00,4,12,4,1,8,8,0,0,0.0
2024-03-03 02:10:00,4,7,2,0,5,5,0,0,0.0
2024-03-03 02:20:00,2,5,1,0,4,4,0,0,0.0
2024-03-03 02:30:00,4,5,0,0,6,6,0,0,0.0
2024-03-03 02:40:00,5,6,1,0,2,2,0,0,0.0
2024-03-03 02:50:00,1,1,0,1,1,1,0,0,0.0
2024-03-03 03:00:00,0,7,2,0,8,8,0,0,0.0
2024-03-03 03:10:00,3,5,0,3,11,11,0,0,0.0
2024-03-03 03:20:00,8,6,0,1,4,5,0,0,0.0
2024-03-03 03:30:00,4,7,2,3,6,5,0,0,0.0
2024-03-03 03:40:00,2,3,0,1,1,1,0,0,0.0
2024-03-03 03:50:00,2,7,1,3,2,3,0,0,0.0
2024-03-03 04:00:00,10,7,1,1,5,5,0,0,0.0
2024-03-03 04:10:00,3,6,2,2,2,2,0,0,0.0
2024-03-03 04:20:00,4,6,0,1,8,8,0,0,0.0
2024-03-03 04:30:00,3,6,0,3,2,2,0,0,0.0
2024-03-03 04:40:00,3,3,1,3,4,4,0,0,0.0
2024-03-03 04:50:00,5,7,3,3,4,4,0,0,0.0
2024-03-03 05:00:00,0,4,1,2,4,4,0,0,0.0
2024-03-03 05:10:00,5,13,1,2,6,7,0,0,0.0
2024-03-03 05:20:00,4,7,2,3,2,2,0,0,0.0
2024-03-03 05:30:00,1,7,1,5,4,4,0,0,0.0
2024-03-03 05:40:00,3,3,4,6,3,3,0,0,0.0
2024-03-03 05:50:00,5,8,3,4,4,4,0,0,0.0
2024-03-03 06:00:00,6,5,0,0,5,5,0,0,0.0
2024-03-03 06:10:00,2,7,1,3,10,10,0,0,0.0
2024-03-03 06:20:00,2,3,1,3,6,6,0,0,0.0
2024-03-03 06:30:00,4,7,0,0,3,3,0,0,0.0
2024-03-03 06:40:00,1,2,3,1,2,2,0,0,0.0
2024-03-03 06:50:00,1,3,0,0,3,3,0,0,0.0
2024-03-03 07:00:00,3,8,2,2,4,4,0,0,0.0
2024-03-03 07:10:00,2,1,3,0,3,3,0,0,0.0
2024-03-03 07:20:00,4,4,0,2,3,3,0,0,0.0
2024-03-03 07:30:00,9,11,1,1,6,6,0,0,0.0
2024-03-03 07:40:00,2,4,1,1,12,12,0,0,0.0
2024-03-03 07:50:00,4,8,1,1,5,5,0,0,0.0
2024-03-03 08:00:00,4,4,1,1,8,8,0,0,0.0
2024-03-03 08:10:00,8,5,2,0,17,19,0,0,0.0
2024-03-03 08:20:00,17,14,4,4,16,16,0,0,0.0
2024-03-03 08:30:00,10,12,1,4,16,16,0,0,0.0
2024-03-03 08:40:00,10,6,6,2,15,14,0,0,0.0
2024-03-03 08:50:00,7,11,5,2,15,15,0,0,0.0
2024-03-03 09:00:00,6,8,5,2,15,16,0,0,0.0
2024-03-03 09:10:00,13,10,2,3,22,21,0,0,0.0
2024-03-03 09:20:00,12,15,6,1,20,20,0,0,0.0
2024-03-03 09:30:00,9,14,2,1,24,24,0,0,0.0
2024-03-03 09:40:00,19,17,3,0,22,22,0,0,0.0
2024-03-03 09:50:00,11,13,7,4,29,29,0,0,0.0
2024-03-03 10:00:00,17,16,4,1,23,24,0,0,0.0
2024-03-03 10:10:00,24,18,4,3,22,24,0,0,0.0
2024-03-03 10:20:00,12,7,4,3,30,30,0,0,0.0
2024-03-03 10:30:00,32,19,3,2,22,24,0,0,0.0
2024-03-03 10:40:00,19,12,4,3,29,27,0,0,0.0
2024-03-03 10:50:00,20,12,6,0,35,36,0,0,0.0
2024-03-03 11:00:00,21,15,4,2,23,23,0,0,0.0
2024-03-03 11:10:00,12,12,4,6,37,39,0,0,0.0
2024-03-03 11:20:00,21,15,4,6,39,37,0,0,0.0
2024-03-03 11:30:00,24,21,11,6,35,35,0,0,0.0
2024-03-03 11:40:00,26,20,6,5,38,38,0,0,0.0
2024-03-03 11:50:00,23,22,7,4,44,44,0,0,0.0
2024-03-03 12:00:00,24,20,8,9,40,41,0,0,0.0
2024-03-03 12:10:00,22,18,7,1,37,37,0,0,0.0
2024-03-03 12:20:00,27,24,12,4,57,56,0,0,0.0
2024-03-03 12:30:00,29,23,8,3,35,35,0,0,0.0
2024-03-03 12:40:00,25,24,11,7,39,38,0,0,0.0
2024-03-03 12:50:00,18,10,2,2,33,36,0,0,0.0
2024-03-03 13:00:00,29,19,5,5,36,36,0,0,0.0
2024-03-03 13:10:00,27,21,6,2,43,44,0,0,0.0
2024-03-03 13:20:00,29,21,6,6,40,39,0,0,0.0
2024-03-03 13:30:00,32,19,5,5,31,31,0,0,0.0
2024-03-03 13:40:00,24,23,12,6,52,53,0,0,0.0
2024-03-03 13:50:00,25,16,9,8,38,36,0,0,0.0
2024-03-03 14:00:00,31,23,14,6,35,38,0,0,0.0
2024-03-03 14:10:00,30,21,11,2,57,55,0,0,0.0
2024-03-03 14:20:00,34,24,8,5,52,52,0,0,0.0
2024-03-03 14:30:00,31,15,6,8,50,55,0,0,0.0
2024-03-03 14:40:00,49,22,5,3,34,31,0,0,0.0
2024-03-03 14:50:00,38,34,10,12,38,38,0,0,0.0
2024-03-03 15:00:00,39,16,11,6,47,48,0,0,0.0
2024-03-03 15:10:00,21,22,7,4,43,43,0,0,0.0
2024-03-03 15:20:00,36,24,6,9,55,54,0,0,0.0
2024-03-03 15:30:00,33,27,8,12,45,46,0,0,0.0
2024-03-03 15:40:00,32,30,11,10,33,33,0,0,0.0
2024-03-03 15:50:00,19,15,13,8,45,45,0,0,0.0
2024-03-03 16:00:00,30,28,15,10,50,53,0,0,0.0
2024-03-03 16:10:00,29,34,15,6,60,57,0,0,0.0
2024-03-03 16:20:00,33,22,13,3,62,62,0,0,0.0
2024-03-03 16:30:00,40,23,7,7,55,54,0,0,0.0
2024-03-03 16:40:00,34,17,14,5,39,41,0,0,0.0
2024-03-03 16:50:00,29,25,11,4,47,49,0,0,0.0
2024-03-03 17:00:00,26,22,6,5,58,60,0,0,0.0
2024-03-03 17:10:00,33,23,15,10,55,55,0,0,0.0
2024-03-03 17:20:00,43,17,9,10,48,46,0,0,0.0
2024-03-03 17:30:00,34,24,8,3,47,47,0,0,0.0
2024-03-03 17:40:00,37,23,13,4,44,44,0,0,0.0
2024-03-03 17:50:00,28,23,2,3,50,50,0,0,0.0
2024-03-03 18:00:00,32,30,12,7,42,43,0,0,0.0
2024-03-03 18:10:00,23,14,10,2,53,55,0,0,0.0
2024-03-03 18:20:00,22,19,11,8,54,56,0,0,0.0
2024-03-03 18:30:00,25,14,4,5,38,35,0,0,0.0
2024-03-03 18:40:00,28,21,10,5,33,37,0,0,0.0
2024-03-03 18:50:00,30,23,7,4,49,45,0,0,0.0
2024-03-03 19:00:00,24,22,8,5,38,40,0,0,0.0
2024-03-03 19:10:00,23,14,10,7,40,42,0,0,0.0
2024-03-03 19:20:00,31,23,10,7,37,34,0,0,0.0
2024-03-03 19:30:00,33,22,11,6,36,37,0,0,0.0
2024-03-03 19:40:00,25,17,18,14,35,35,0,0,0.0
2024-03-03 19:50:00,23,20,11,9,39,41,0,0,0.0
2024-03-03 20:00:00,24,22,6,4,42,40,0,0,0.0
2024-03-03 20:10:00,31,26,10,10,31,30,0,0,0.0
2024-03-03 20:20:00,24,21,12,11,30,31,0,0,0.0
2024-03-03 20:30:00,25,19,7,8,32,31,0,0,0.0
2024-03-03 20:40:00,16,13,4,5,29,29,0,0,0.0
2024-03-03 20:50:00,20,17,3,4,24,24,0,0,0.0
2024-03-03 21:00:00,17,16,3,3,20,20,0,0,0.0
2024-03-03 21:10:00,22,15,3,2,16,17,0,0,0.0
2024-03-03 21:20:00,13,20,9,4,14,15,0,0,0.0
2024-03-03 21:30:00,21,22,2,4,21,20,0,0,0.0
2024-03-03 21:40:00,11,15,10,3,10,11,0,0,0.0
2024-03-03 21:50:00,14,15,7,1,17,16,0,0,0.0
2024-03-03 22:00:00,24,18,11,6,19,19,0,0,0.0
2024-03-03 22:10:00,9,9,8,1,22,23,0,0,0.0
2024-03-03 22:20:00,13,15,5,10,23,24,0,0,0.0
2024-03-03 22:30:00,12,14,3,4,13,13,0,0,0.0
2024-03-03 22:40:00,14,6,12,11,9,9,0,0,0.0
2024-03-03 22:50:00,6,11,10,17,13,13,0,0,0.0
2024-03-03 23:00:00,10,14,5,2,14,14,0,0,0.0
2024-03-03 23:10:00,9,11,3,2,14,13,0,0,0.0
2024-03-03 23:20:00,8,7,2,1,10,11,0,0,0.0
2024-03-03 23:30:00,2,5,2,3,5,5,0,0,0.0
2024-03-03 23:40:00,9,8,5,14,4,4,0,0,0.0
2024-03-03 23:50:00,4,4,1,1,3,4,0,0,0.0
2024-03-04 00:00:00,3,6,0,1,5,5,0,0,0.0
2024-03-04 00:10:00,2,1,3,1,2,2,0,0,0.0
2024-03-04 00:20:00,2,4,1,0,8,8,0,0,0.0
2024-03-04 00:30:00,1,9,3,1,5,5,0,0,0.0
2024-03-04 00:40:00,4,6,1,3,3,3,0,0,0.0
2024-03-04 00:50:00,3,3,0,0,2,2,0,0,0.0
2024-03-04 01:00:00,1,5,0,2,2,2,0,0,0.0
2024-03-04 01:10:00,2,5,2,1,1,1,0,0,0.0
2024-03-04 01:20:00,5,6,1,1,3,3,0,0,0.0
2024-03-04 01:30:00,3,4,0,0,4,4,0,0,0.0
2024-03-04 01:40:00,3,7,2,1,6,6,0,0,0.0
2024-03-04 01:50:00,1,3,0,0,6,6,0,0,0.0
2024-03-04 02:00:00,0,2,1,0,1,1,0,0,0.0
2024-03-04 02:10:00,1,3,0,0,2,2,0,0,0.0
2024-03-04 02:20:00,4,4,0,0,2,2,0,0,0.0
2024-03-04 02:30:00,0,1,0,0,3,2,0,0,0.0
2024-03-04 02:40:00,1,2,1,0,1,1,0,0,0.0
2024-03-04 02:50:00,0,1,0,0,2,2,0,0,0.0
2024-03-04 03:00:00,1,0,0,0,1,1,0,0,0.0
2024-03-04 03:10:00,0,2,3,1,4,5,0,0,0.0
2024-03-04 03:20:00,1,2,0,0,4,4,0,0,0.0
2024-03-04 03:30:00,1,1,0,0,0,0,0,0,0.0
2024-03-04 03:40:00,0,2,0,0,4,4,0,0,0.0
2024-03-04 03:50:00,0,2,1,1,2,2,0,0,0.0
2024-03-04 04:00:00,1,4,0,1,5,5,0,0,0.0
2024-03-04 04:10:00,0,3,0,0,2,2,0,0,0.0
2024-03-04 04:20:00,2,4,0,0,6,6,0,0,0.0
2024-03-04 04:30:00,4,6,0,1,9,9,0,0,0.0
2024-03-04 04:40:00,5,5,1,4,8,8,0,0,0.0
2024-03-04 04:50:00,4,7,3,2,6,6,0,0,0.0
2024-03-04 05:00:00,2,4,0,3,9,9,0,0,0.0
2024-03-04 05:10:00,4,6,0,0,11,11,0,0,0.0
2024-03-04 05:20:00,9,11,1,0,21,22,0,0,0.0
2024-03-04 05:30:00,10,18,0,9,14,13,0,0,0.0
2024-03-04 05:40:00,11,16,7,11,29,30,0,0,0.0
2024-03-04 05:50:00,11,14,2,10,36,36,0,0,0.0
2024-03-04 06:00:00,8,15,3,5,29,29,0,0,0.0
2024-03-04 06:10:00,14,19,5,5,35,37,0,0,0.0
2024-03-04 06:20:00,22,22,4,8,33,33,0,0,0.0
2024-03-04 06:30:00,16,15,4,7,24,26,0,0,0.0
2024-03-04 06:40:00,17,24,3,4,47,48,0,0,0.0
2024-03-04 06:50:00,17,23,2,6,35,36,0,0,0.0
2024-03-04 07:00:00,20,13,3,7,35,35,0,0,0.0
2024-03-04 07:10:00,25,21,6,5,61,61,0,0,0.0
2024-03-04 07:20:00,38,30,5,16,50,50,0,0,0.0
2024-03-04 07:30:00,40,32,12,7,53,55,0,0,0.0
2024-03-04 07:40:00,33,30,7,8,68,69,0,0,0.0
2024-03-04 07:50:00,47,33,17,13,55,56,0,0,0.0
2024-03-04 08:00:00,37,38,17,15,62,71,0,0,0.0
2024-03-04 08:10:00,45,43,14,9,76,76,0,0,0.0
2024-03-04 08:20:00,39,36,10,10,73,70,0,0,0.0
2024-03-04 08:30:00,38,30,15,9,60,62,0,0,0.0
2024-03-04 08:40:00,39,32,17,6,50,52,0,0,0.0
2024-03-04 08:50:00,33,29,15,10,62,67,0,0,0.0
2024-03-04 09:00:00,38,31,17,3,61,58,0,0,0.0
2024-03-04 09:10:00,44,31,13,7,63,66,0,0,0.0
2024-03-04 09:20:00,30,22,9,5,60,58,0,0,0.0
2024-03-04 09:30:00,30,18,7,3,53,53,0,0,0.0
2024-03-04 09:40:00,32,31,10,4,53,56,0,0,0.0
2024-03-04 09:50:00,40,35,10,7,50,47,0,0,0.0
2024-03-04 10:00:00,41,29,14,11,46,47,0,0,0.0
2024-03-04 10:10:00,30,30,23,2,53,53,0,0,0.0
2024-03-04 10:20:00,28,25,3,7,55,56,0,0,0.0
2024-03-04 10:30:00,27,19,10,3,54,53,0,0,0.0
2024-03-04 10:40:00,35,20,10,5,42,42,0,0,0.0
2024-03-04 10:50:00,29,27,12,7,59,60,0,0,0.0
2024-03-04 11:00:00,35,35,11,4,54,55,0,0,0.0
2024-03-04 11:10:00,43,26,9,3,51,53,0,0,0.0
2024-03-04 11:20:00,38,34,15,8,55,52,0,0,0.0
2024-03-04 11:30:00,44,34,13,4,36,37,0,0,0.0
2024-03-04 11:40:00,6,44,8,4,60,57,0,0,0.0
2024-03-04 11:50:00,0,49,15,6,75,66,0,0,0.0
2024-03-04 12:00:00,0,36,7,11,60,62,0,0,0.0
2024-03-04 12:10:00,0,46,17,6,64,64,0,0,0.0
2024-03-04 12:20:00,1,43,13,17,64,61,0,0,0.0
2024-03-04 12:30:00,34,45,7,21,57,58,0,0,0.0
2024-03-04 12:40:00,47,29,10,25,37,51,0,0,0.0
2024-03-04 12:50:00,44,31,10,25,35,52,0,0,0.0
2024-03-04 13:00:00,52,35,11,34,46,45,0,0,0.0
2024-03-04 13:10:00,39,27,12,12,45,46,0,0,0.0
2024-03-04 13:20:00,42,30,18,9,46,43,0,0,0.0
2024-03-04 13:30:00,47,26,11,10,48,43,0,0,0.0
2024-03-04 13:40:00,50,34,11,9,56,56,0,0,0.0
2024-03-04 13:50:00,36,33,10,7,64,62,0,0,0.0
2024-03-04 14:00:00,37,3,15,9,65,65,0,0,0.0
2024-03-04 14:10:00,59,36,10,8,71,74,0,0,0.0
2024-03-04 14:20:00,31,31,15,6,58,56,0,0,0.0
2024-03-04 14:30:00,62,39,19,8,56,56,0,0,0.0
2024-03-04 14:40:00,51,41,9,4,46,46,0,0,0.0
2024-03-04 14:50:00,48,28,10,14,63,62,0,0,0.0
2024-03-04 15:00:00,45,37,19,13,52,52,0,0,0.0
2024-03-04 15:10:00,51,40,19,9,33,63,0,0,0.0
2024-03-04 15:20:00,46,29,14,14,52,68,0,0,0.0
2024-03-04 15:30:00,47,21,8,23,61,61,0,0,0.0
2024-03-04 15:40:00,52,36,23,22,56,57,0,0,0.0
2024-03-04 15:50:00,55,42,13,17,62,63,0,0,0.0
2024-03-04 16:00:00,57,34,15,0,76,76,0,0,0.0
2024-03-04 16:10:00,70,35,20,1,58,60,0,0,0.0
2024-03-04 16:20:00,60,48,15,10,9,49,0,0,0.0
2024-03-04 16:30:00,66,45,11,14,18,61,0,0,0.0
2024-03-04 16:40:00,57,10,14,11,56,60,0,0,0.0
2024-03-04 16:50:00,74,9,7,12,75,75,0,0,0.0
2024-03-04 17:00:00,63,43,11,14,71,71,0,0,0.0
2024-03-04 17:10:00,46,56,7,11,59,62,0,0,0.0
2024-03-04 17:20:00,40,45,8,12,73,70,0,0,0.0
2024-03-04 17:30:00,38,37,15,17,50,52,0,0,0.0
2024-03-04 17:40:00,52,41,7,12,60,63,0,0,0.0
2024-03-04 17:50:00,45,24,15,9,60,58,0,0,0.0
2024-03-04 18:00:00,55,30,12,12,45,46,0,0,0.0
2024-03-04 18:10:00,55,34,14,12,49,48,0,0,0.0
2024-03-04 18:20:00,49,26,13,8,49,49,0,0,0.0
2024-03-04 18:30:00,44,28,10,6,40,43,0,0,0.0
2024-03-04 18:40:00,61,31,6,4,43,46,0,0,0.0
2024-03-04 18:50:00,40,34,11,9,44,42,0,0,0.0
2024-03-04 19:00:00,41,22,9,3,32,32,0,0,0.0
2024-03-04 19:10:00,45,30,8,4,37,38,0,0,0.0
2024-03-04 19:20:00,49,29,15,11,45,44,0,0,0.0
2024-03-04 19:30:00,35,19,12,11,38,39,0,0,0.0
2024-03-04 19:40:00,22,22,8,10,29,30,0,0,0.0
2024-03-04 19:50:00,30,27,5,4,25,25,0,0,0.0
2024-03-04 20:00:00,18,25,7,5,28,28,0,0,0.0
2024-03-04 20:10:00,22,17,8,3,45,46,0,0,0.0
2024-03-04 20:20:00,24,21,17,5,23,24,0,0,0.0
2024-03-04 20:30:00,24,27,7,3,31,32,0,0,0.0
2024-03-04 20:40:00,20,11,3,11,30,29,0,0,0.0
2024-03-04 20:50:00,18,14,6,8,28,28,0,0,0.0
2024-03-04 21:00:00,18,18,6,4,22,22,0,0,0.0
2024-03-04 21:10:00,27,17,2,2,25,26,0,0,0.0
2024-03-04 21:20:00,23,18,5,9,21,23,0,0,0.0
2024-03-04 21:30:00,23,12,6,4,16,14,0,0,0.0
2024-03-04 21:40:00,17,13,5,5,15,15,0,0,0.0
2024-03-04 21:50:00,10,13,6,2,17,17,0,0,0.0
2024-03-04 22:00:00,29,20,4,8,25,25,0,0,0.0
2024-03-04 22:10:00,7,15,4,7,18,19,0,0,0.0
2024-03-04 22:20:00,13,9,5,2,24,24,0,0,0.0
2024-03-04 22:30:00,13,16,2,3,16,16,0,0,0.0
2024-03-04 22:40:00,23,17,11,8,18,19,0,0,0.0
2024-03-04 22:50:00,5,8,3,8,11,12,0,0,0.0
2024-03-04 23:00:00,11,11,4,1,10,9,0,0,0.0
2024-03-04 23:10:00,3,7,5,2,7,7,0,0,0.0
2024-03-04 23:20:00,9,11,6,1,12,13,0,0,0.0
2024-03-04 23:30:00,6,9,4,4,8,8,0,0,0.0
2024-03-04 23:40:00,6,4,9,6,8,8,0,0,0.0
2024-03-04 23:50:00,3,11,4,3,9,9,0,0,0.0
2024-03-05 00:00:00,3,8,0,2,4,4,0,0,0.0
2024-03-05 00:10:00,4,8,0,0,6,6,0,0,0.0
2024-03-05 00:20:00,3,4,1,0,7,7,0,0,0.0
2024-03-05 00:30:00,6,11,0,0,3,3,0,0,0.0
2024-03-05 00:40:00,5,6,1,0,2,1,0,0,0.0
2024-03-05 00:50:00,3,2,1,0,1,1,0,0,0.0
2024-03-05 01:00:00,1,1,2,1,3,3,0,0,0.0
2024-03-05 01:10:00,2,2,0,0,4,4,0,0,0.0
2024-03-05 01:20:00,2,1,0,2,4,4,0,0,0.0
2024-03-05 01:30:00,1,1,0,0,7,7,0,0,0.0
2024-03-05 01:40:00,0,2,0,1,1,1,0,0,0.0
2024-03-05 01:50:00,4,3,0,1,0,0,0,0,0.0
2024-03-05 02:00:00,6,6,0,0,3,4,0,0,0.0
2024-03-05 02:10:00,0,2,0,1,2,1,0,0,0.0
2024-03-05 02:20:00,4,7,1,0,2,2,0,0,0.0
2024-03-05 02:30:00,1,3,1,0,1,1,0,0,0.0
2024-03-05 02:40:00,0,0,0,0,0,0,0,0,0.0
2024-03-05 02:50:00,0,0,1,1,1,1,0,0,0.0
2024-03-05 03:00:00,1,0,0,0,3,3,0,0,0.0
2024-03-05 03:10:00,3,5,0,0,2,2,0,0,0.0
2024-03-05 03:20:00,0,3,0,0,4,4,0,0,0.0
2024-03-05 03:30:00,2,3,0,0,3,3,0,0,0.0
2024-03-05 03:40:00,0,2,0,0,2,2,0,0,0.0
2024-03-05 03:50:00,1,6,0,0,1,1,0,0,0.0
2024-03-05 04:00:00,1,2,0,0,0,0,0,0,0.0
2024-03-05 04:10:00,1,4,2,0,5,5,0,0,0.0
2024-03-05 04:20:00,2,2,0,0,3,3,0,0,0.0
2024-03-05 04:30:00,2,6,1,0,7,7,0,0,0.0
2024-03-05 04:40:00,2,4,0,2,5,5,0,0,0.0
2024-03-05 04:50:00,0,5,1,3,9,9,0,0,0.0
2024-03-05 05:00:00,3,7,0,3,7,7,0,0,0.0
2024-03-05 05:10:00,7,8,0,1,19,19,0,0,0.0
2024-03-05 05:20:00,4,3,3,0,15,16,0,0,0.0
2024-03-05 05:30:00,5,11,0,2,19,19,0,0,0.0
2024-03-05 05:40:00,9,15,4,4,27,27,0,0,0.0
2024-03-05 05:50:00,7,10,4,3,26,26,0,0,0.0
2024-03-05 06:00:00,6,12,4,7,26,26,0,0,0.0
2024-03-05 06:10:00,19,15,2,5,34,34,0,0,0.0
2024-03-05 06:20:00,20,16,4,12,44,44,0,0,0.0
2024-03-05 06:30:00,19,27,4,5,41,42,0,0,0.0
2024-03-05 06:40:00,14,18,6,6,50,48,0,0,0.0
2024-03-05 06:50:00,19,21,6,13,43,44,0,0,0.0
2024-03-05 07:00:00,17,21,4,7,34,37,0,0,0.0
2024-03-05 07:10:00,32,21,8,10,39,40,0,0,0.0
2024-03-05 07:20:00,35,27,11,15,59,60,0,0,0.0
2024-03-05 07:30:00,32,24,4,9,59,59,0,0,0.0
2024-03-05 07:40:00,32,35,9,7,68,68,0,0,0.0
2024-03-05 07:50:00,40,36,15,18,76,76,0,0,0.0
2024-03-05 08:00:00,43,28,15,7,72,74,0,0,0.0
2024-03-05 08:10:00,40,35,20,8,65,68,0,0,0.0
2024-03-05 08:20:00,37,31,15,16,81,76,0,0,0.0
2024-03-05 08:30:00,32,25,15,12,66,66,0,0,0.0
2024-03-05 08:40:00,39,36,16,8,69,76,0,0,0.0
2024-03-05 08:50:00,44,29,22,13,61,61,0,0,0.0
2024-03-05 09:00:00,36,30,12,6,55,55,0,0,0.0
2024-03-05 09:10:00,35,22,11,7,49,49,0,0,0.0
2024-03-05 09:20:00,31,26,8,5,44,45,0,0,0.0
2024-03-05 09:30:00,32,30,11,5,47,51,0,0,0.0
2024-03-05 09:40:00,31,24,11,2,58,55,0,0,0.0
2024-03-05 09:50:00,31,24,11,15,45,46,0,0,0.0
2024-03-05 10:00:00,26,25,5,2,55,58,0,0,0.0
2024-03-05 10:10:00,28,24,19,7,55,55,0,0,0.0
2024-03-05 10:20:00,33,41,11,9,46,47,0,0,0.0
2024-03-05 10:30:00,29,26,10,9,37,42,0,0,0.0
2024-03-05 10:40:00,37,30,6,8,58,58,0,0,0.0
2024-03-05 10:50:00,39,28,8,3,66,68,0,0,0.0
2024-03-05 11:00:00,33,19,8,3,58,57,0,0,0.0
2024-03-05 11:10:00,38,30,12,8,62,61,0,0,0.0
2024-03-05 11:20:00,26,27,19,10,47,48,0,0,0.0
2024-03-05 11:30:00,44,34,14,8,55,53,0,0,0.0
2024-03-05 11:40:00,46,26,12,5,68,69,0,0,0.0
2024-03-05 11:50:00,45,31,9,8,56,55,0,0,0.0
2024-03-05 12:00:00,33,21,6,7,61,65,0,0,0.0
2024-03-05 12:10:00,48,33,7,9,62,63,0,0,0.0
2024-03-05 12:20:00,44,27,14,10,53,55,0,0,0.0
2024-03-05 12:30:00,34,22,6,6,51,51,0,0,0.0
2024-03-05 12:40:00,49,35,15,13,65,65,0,0,0.0
2024-03-05 12:50:00,39,30,11,10,54,55,0,0,0.0
2024-03-05 13:00:00,36,27,15,15,62,61,0,0,0.0
2024-03-05 13:10:00,38,33,19,21,52,54,0,0,0.0
2024-03-05 13:20:00,44,36,12,9,68,67,0,0,0.0
2024-03-05 13:30:00,41,26,11,13,54,54,0,0,0.0
2024-03-05 13:40:00,57,46,5,11,46,48,0,0,0.0
2024-03-05 13:50:00,35,28,17,8,54,53,0,0,0.0
2024-03-05 14:00:00,40,23,20,11,56,59,0,0,0.0
2024-03-05 14:10:00,47,26,15,8,49,47,0,0,0.0
2024-03-05 14:20:00,44,43,19,9,52,53,0,0,0.0
2024-03-05 14:30:00,47,27,14,6,63,64,0,0,0.0
2024-03-05 14:40:00,57,26,16,21,57,56,0,0,0.0
2024-03-05 14:50:00,42,35,34,28,50,49,0,0,0.0
2024-03-05 15:00:00,57,28,21,12,41,41,0,0,0.0
2024-03-05 15:10:00,54,32,26,12,66,68,0,0,0.0
2024-03-05 15:20:00,47,37,15,17,68,67,0,0,0.0
2024-03-05 15:30:00,53,36,12,10,62,63,0,0,0.0
2024-03-05 15:40:00,50,25,11,9,61,62,0,0,0.0
2024-03-05 15:50:00,52,26,12,9,55,53,0,0,0.0
2024-03-05 16:00:00,68,31,21,12,64,68,0,0,0.0
2024-03-05 16:10:00,49,36,16,8,63,61,0,0,0.0
2024-03-05 16:20:00,42,33,22,17,66,66,0,0,0.0
2024-03-05 16:30:00,64,40,18,20,79,80,0,0,0.0
2024-03-05 16:40:00,48,34,20,11,73,75,0,0,0.0
2024-03-05 16:50:00,69,40,13,10,75,73,0,0,0.0
2024-03-05 17:00:00,45,38,9,19,69,70,0,0,0.0
2024-03-05 17:10:00,68,30,16,9,54,53,0,0,0.0
2024-03-05 17:20:00,48,29,16,11,63,63,0,0,0.0
2024-03-05 17:30:00,45,39,15,6,63,64,0,0,0.0
2024-03-05 17:40:00,64,49,15,10,65,66,0,0,0.0
2024-03-05 17:50:00,62,34,18,13,60,58,0,0,0.0
2024-03-05 18:00:00,50,31,15,6,63,65,0,0,0.0
2024-03-05 18:10:00,49,32,16,13,63,61,0,0,0.0
2024-03-05 18:20:00,49,36,14,8,61,60,0,0,0.0
2024-03-05 18:30:00,51,37,14,10,49,49,0,0,0.0
2024-03-05 18:40:00,50,23,7,11,38,42,0,0,0.0
2024-03-05 18:50:00,43,35,13,10,51,47,0,0,0.0
2024-03-05 19:00:00,36,34,9,12,54,57,0,0,0.0
2024-03-05 19:10:00,45,28,8,7,58,56,0,0,0.0
2024-03-05 19:20:00,36,30,19,14,58,56,0,0,0.0
2024-03-05 19:30:00,28,29,8,9,41,41,0,0,0.0
2024-03-05 19:40:00,33,27,11,3,39,39,0,0,0.0
2024-03-05 19:50:00,29,19,4,3,35,34,0,0,0.0
2024-03-05 20:00:00,37,23,8,10,43,43,0,0,0.0
2024-03-05 20:10:00,37,26,3,8,31,32,0,0,0.0
2024-03-05 20:20:00,33,21,7,13,42,42,0,0,0.0
2024-03-05 20:30:00,35,22,9,7,37,37,0,0,0.0
2024-03-05 20:40:00,20,21,10,5,30,33,0,0,0.0
2024-03-05 20:50:00,33,20,7,6,35,33,0,0,0.0
2024-03-05 21:00:00,17,13,6,10,30,32,0,0,0.0
2024-03-05 21:10:00,28,21,11,4,20,18,0,0,0.0
2024-03-05 21:20:00,17,16,6,4,26,26,0,0,0.0
2024-03-05 21:30:00,21,13,6,4,30,30,0,0,0.0
2024-03-05 21:40:00,13,15,2,3,21,21,0,0,0.0
2024-03-05 21:50:00,20,17,7,6,21,21,0,0,0.0
2024-03-05 22:00:00,23,20,4,3,23,23,0,0,0.0
2024-03-05 22:10:00,23,18,8,11,31,31,0,0,0.0
2024-03-05 22:20:00,11,9,4,4,26,27,0,0,0.0
2024-03-05 22:30:00,18,12,0,4,14,13,0,0,0.0
2024-03-05 22:40:00,26,19,6,4,27,27,0,0,0.0
2024-03-05 22:50:00,10,9,10,13,16,18,0,0,0.0
2024-03-05 23:00:00,9,12,5,7,12,10,0,0,0.0
2024-03-05 23:10:00,15,11,3,5,7,9,0,0,0.0
2024-03-05 23:20:00,5,10,9,10,13,13,0,0,0.0
2024-03-05 23:30:00,8,9,3,2,5,5,0,0,0.0
2024-03-05 23:40:00,5,3,2,7,2,2,0,0,0.0
2024-03-05 23:50:00,7,9,1,3,11,11,0,0,0.0
2024-03-06 00:00:00,6,11,1,1,7,7,0,0,0.0
2024-03-06 00:10:00,4,7,2,3,11,11,0,0,0.0
2024-03-06 00:20:00,2,4,0,0,7,7,0,0,0.0
2024-03-06 00:30:00,8,11,2,3,10,10,0,0,0.0
2024-03-06 00:40:00,4,7,0,3,8,8,0,0,0.0
2024-03-06 00:50:00,6,3,0,1,2,2,0,0,0.0
2024-03-06 01:00:00,5,6,1,0,1,1,0,0,0.0
2024-03-06 01:10:00,3,8,1,1,5,5,0,0,0.0
2024-03-06 01:20:00,2,3,1,0,3,3,0,0,0.0
2024-03-06 01:30:00,3,5,2,1,6,5,0,0,0.0
2024-03-06 01:40:00,3,4,3,1,2,2,0,0,0.0
2024-03-06 01:50:00,0,0,0,1,5,5,0,0,0.0
2024-03-06 02:00:00,1,0,1,2,1,1,0,0,0.0
2024-03-06 02:10:00,2,2,0,0,0,0,0,0,0.0
2024-03-06 02:20:00,5,6,0,0,2,2,0,0,0.0
2024-03-06 02:30:00,0,2,0,1,0,0,0,0,0.0
2024-03-06 02:40:00,0,2,3,1,1,1,0,0,0.0
2024-03-06 02:50:00,0,1,0,0,2,2,0,0,0.0
2024-03-06 03:00:00,1,2,0,0,2,2,0,0,0.0
2024-03-06 03:10:00,1,1,1,1,1,1,0,0,0.0
2024-03-06 03:20:00,0,5,0,1,4,4,0,0,0.0
2024-03-06 03:30:00,0,1,2,0,3,3,0,0,0.0
2024-03-06 03:40:00,0,1,0,0,2,2,0,0,0.0
2024-03-06 03:50:00,2,8,0,0,5,5,0,0,0.0
2024-03-06 04:00:00,2,3,0,2,3,3,0,0,0.0
2024-03-06 04:10:00,3,6,0,0,3,3,0,0,0.0
2024-03-06 04:20:00,1,3,2,2,3,3,0,0,0.0
2024-03-06 04:30:00,2,5,0,1,6,6,0,0,0.0
2024-03-06 04:40:00,2,2,2,0,5,6,0,0,0.0
2024-03-06 04:50:00,0,4,1,1,10,9,0,0,0.0
2024-03-06 05:00:00,5,8,1,4,8,8,0,0,0.0
2024-03-06 05:10:00,7,11,1,1,14,14,0,0,0.0
2024-03-06 05:20:00,6,7,2,0,20,20,0,0,0.0
2024-03-06 05:30:00,7,13,0,3,17,18,0,0,0.0
2024-03-06 05:40:00,7,15,3,4,21,23,0,0,0.0
2024-03-06 05:50:00,10,13,5,8,25,26,0,0,0.0
2024-03-06 06:00:00,9,14,2,12,26,25,0,0,0.0
2024-03-06 06:10:00,20,28,8,6,35,38,0,0,0.0
2024-03-06 06:20:00,19,18,5,8,32,31,0,0,0.0
2024-03-06 06:30:00,15,15,2,3,30,30,0,0,0.0
2024-03-06 06:40:00,15,17,5,6,41,42,0,0,0.0
2024-03-06 06:50:00,16,22,1,12,44,47,0,0,0.0
2024-03-06 07:00:00,20,23,2,15,39,41,0,0,0.0
2024-03-06 07:10:00,30,24,11,5,57,56,0,0,0.0
2024-03-06 07:20:00,32,28,7,19,51,50,0,0,0.0
2024-03-06 07:30:00,36,31,13,14,48,47,0,0,0.0
2024-03-06 07:40:00,39,40,7,5,57,64,0,0,0.0
2024-03-06 07:50:00,41,46,17,18,93,87,0,0,0.0
2024-03-06 08:00:00,46,36,13,12,70,70,0,0,0.0
2024-03-06 08:10:00,36,43,21,7,67,87,0,0,0.0
2024-03-06 08:20:00,31,29,14,12,61,61,0,0,0.0
2024-03-06 08:30:00,34,34,20,5,56,57,0,0,0.0
2024-03-06 08:40:00,50,37,20,7,80,81,0,0,0.0
2024-03-06 08:50:00,37,30,7,14,66,64,0,0,0.0
2024-03-06 09:00:00,32,31,14,3,63,62,0,0,0.0
2024-03-06 09:10:00,37,37,14,5,54,55,0,0,0.0
2024-03-06 09:20:00,26,26,7,14,54,54,0,0,0.0
2024-03-06 09:30:00,36,28,5,17,54,54,0,0,0.0
2024-03-06 09:40:00,30,28,5,8,72,72,0,0,0.0
2024-03-06 09:50:00,29,28,8,9,48,51,0,0,0.0
2024-03-06 10:00:00,21,25,10,2,55,54,0,0,0.0
2024-03-06 10:10:00,19,19,9,4,61,59,0,0,0.0
2024-03-06 10:20:00,35,20,8,4,48,49,0,0,0.0
2024-03-06 10:30:00,35,32,12,8,48,53,0,0,0.0
2024-03-06 10:40:00,31,25,6,3,63,63,0,0,0.0
2024-03-06 10:50:00,30,21,13,2,55,55,0,0,0.0
2024-03-06 11:00:00,38,28,7,11,62,62,0,0,0.0
2024-03-06 11:10:00,27,25,11,9,41,41,0,0,0.0
2024-03-06 11:20:00,30,31,11,29,58,62,0,0,0.0
2024-03-06 11:30:00,39,25,12,13,59,53,0,0,0.0
2024-03-06 11:40:00,36,30,16,11,53,54,0,0,0.0
2024-03-06 11:50:00,45,33,10,6,54,54,0,0,0.0
2024-03-06 12:00:00,36,26,16,8,76,78,0,0,0.0
2024-03-06 12:10:00,37,33,10,4,54,52,0,0,0.0
2024-03-06 12:20:00,43,32,8,18,61,63,0,0,0.0
2024-03-06 12:30:00,37,29,21,10,67,67,0,0,0.0
2024-03-06 12:40:00,37,29,16,10,50,50,0,0,0.0
2024-03-06 12:50:00,38,29,24,21,54,55,0,0,0.0
2024-03-06 13:00:00,47,38,21,20,72,75,0,0,0.0
2024-03-06 13:10:00,33,25,12,12,32,45,0,0,0.0
2024-03-06 13:20:00,31,20,15,13,63,65,0,0,0.0
2024-03-06 13:30:00,44,29,16,10,62,59,0,0,0.0
2024-03-06 13:40:00,44,33,20,6,61,63,0,0,0.0
2024-03-06 13:50:00,36,24,13,15,53,51,0,0,0.0
2024-03-06 14:00:00,29,17,15,7,63,62,0,0,0.0
2024-03-06 14:10:00,31,30,20,7,54,53,0,0,0.0
2024-03-06 14:20:00,45,27,12,11,58,61,0,0,0.0
2024-03-06 14:30:00,62,28,14,17,71,72,0,0,0.0
2024-03-06 14:40:00,36,33,18,16,60,59,0,0,0.0
2024-03-06 14:50:00,56,33,22,18,60,64,0,0,0.0
2024-03-06 15:00:00,40,19,22,11,62,55,0,0,0.0
2024-03-06 15:10:00,59,44,19,14,57,58,0,0,0.0
2024-03-06 15:20:00,50,34,14,15,75,75,0,0,0.0
2024-03-06 15:30:00,50,36,17,8,53,53,0,0,0.0
2024-03-06 15:40:00,39,29,7,6,60,61,0,0,0.0
2024-03-06 15:50:00,59,42,14,8,80,76,0,0,0.0
2024-03-06 16:00:00,59,33,16,9,68,70,0,0,0.0
2024-03-06 16:10:00,48,29,21,8,58,60,0,0,0.0
2024-03-06 16:20:00,46,34,8,8,71,69,0,0,0.0
2024-03-06 16:30:00,51,31,14,12,66,67,0,0,0.0
2024-03-06 16:40:00,61,22,15,15,69,68,0,0,0.0
2024-03-06 16:50:00,65,47,18,17,70,72,0,0,0.0
2024-03-06 17:00:00,59,34,13,18,57,58,0,0,0.0
2024-03-06 17:10:00,50,43,14,11,66,68,0,0,0.0
2024-03-06 17:20:00,65,38,15,13,62,60,0,0,0.0
2024-03-06 17:30:00,58,49,15,8,73,74,0,0,0.0
2024-03-06 17:40:00,51,30,16,14,57,52,0,0,0.0
2024-03-06 17:50:00,59,41,19,16,58,56,0,0,0.0
2024-03-06 18:00:00,54,32,15,11,56,59,0,0,0.0
2024-03-06 18:10:00,66,39,14,17,51,50,0,0,0.0
2024-03-06 18:20:00,48,35,14,17,67,65,0,0,0.0
2024-03-06 18:30:00,46,34,10,9,48,54,0,0,0.0
2024-03-06 18:40:00,43,28,8,12,58,58,0,0,0.0
2024-03-06 18:50:00,46,39,11,8,56,53,0,0,0.0
2024-03-06 19:00:00,38,33,16,13,46,49,0,0,0.0
2024-03-06 19:10:00,38,33,9,5,51,52,0,0,0.0
2024-03-06 19:20:00,39,24,11,8,45,45,0,0,0.0
2024-03-06 19:30:00,34,24,7,5,41,41,0,0,0.0
2024-03-06 19:40:00,43,33,9,8,43,43,0,0,0.0
2024-03-06 19:50:00,39,21,14,7,31,31,0,0,0.0
2024-03-06 20:00:00,47,32,12,8,48,49,0,0,0.0
2024-03-06 20:10:00,38,24,11,7,42,42,0,0,0.0
2024-03-06 20:20:00,44,27,8,5,39,39,0,0,0.0
2024-03-06 20:30:00,26,24,6,5,34,35,0,0,0.0
2024-03-06 20:40:00,15,15,8,9,33,35,0,0,0.0
2024-03-06 20:50:00,21,18,11,2,22,20,0,0,0.0
2024-03-06 21:00:00,25,9,6,5,31,32,0,0,0.0
2024-03-06 21:10:00,23,16,4,5,30,29,0,0,0.0
2024-03-06 21:20:00,21,14,12,12,27,28,0,0,0.0
2024-03-06 21:30:00,35,20,3,5,27,27,0,0,0.0
2024-03-06 21:40:00,24,20,4,6,24,24,0,0,0.0
2024-03-06 21:50:00,23,16,3,7,20,22,0,0,0.0
2024-03-06 22:00:00,21,18,2,8,23,21,0,0,0.0
2024-03-06 22:10:00,14,19,14,7,19,19,0,0,0.0
2024-03-06 22:20:00,19,22,11,8,35,33,0,0,0.0
2024-03-06 22:30:00,15,12,11,2,12,12,0,0,0.0
2024-03-06 22:40:00,26,17,6,12,10,10,0,0,0.0
2024-03-06 22:50:00,16,13,3,9,16,16,0,0,0.0
2024-03-06 23:00:00,12,15,6,7,11,10,0,0,0.0
2024-03-06 23:10:00,6,10,2,2,14,14,0,0,0.0
2024-03-06 23:20:00,7,6,2,4,11,11,0,0,0.0
2024-03-06 23:30:00,10,10,4,3,8,8,0,0,0.0
2024-03-06 23:40:00,6,8,5,6,9,9,0,0,0.0
2024-03-06 23:50:00,6,9,2,2,10,10,0,0,0.0
2024-03-07 00:00:00,11,7,0,1,7,7,0,0,0.0
2024-03-07 00:10:00,6,5,0,0,4,5,0,0,0.0
2024-03-07 00:20:00,3,5,0,2,5,4,0,0,0.0
2024-03-07 00:30:00,7,8,1,1,3,3,0,0,0.0
2024-03-07 00:40:00,8,9,3,3,5,5,0,0,0.0
2024-03-07 00:50:00,9,12,4,2,4,4,0,0,0.0
2024-03-07 01:00:00,4,6,1,1,7,7,0,0,0.0
2024-03-07 01:10:00,2,4,0,0,2,2,0,0,0.0
2024-03-07 01:20:00,2,1,0,0,5,5,0,0,0.0
2024-03-07 01:30:00,0,1,1,0,4,4,0,0,0.0
2024-03-07 01:40:00,7,5,1,0,1,1,0,0,0.0
2024-03-07 01:50:00,3,4,0,0,3,3,0,0,0.0
2024-03-07 02:00:00,2,3,0,0,3,3,0,0,0.0
2024-03-07 02:10:00,0,1,0,0,1,2,0,0,0.0
2024-03-07 02:20:00,1,4,1,0,2,2,0,0,0.0
2024-03-07 02:30:00,4,4,0,1,0,0,0,0,0.0
2024-03-07 02:40:00,2,2,0,1,3,3,0,0,0.0
2024-03-07 02:50:00,0,3,1,0,0,0,0,0,0.0
2024-03-07 03:00:00,0,1,0,1,2,2,0,0,0.0
2024-03-07 03:10:00,0,1,1,0,1,1,0,0,0.0
2024-03-07 03:20:00,4,6,0,0,1,1,0,0,0.0
2024-03-07 03:30:00,4,4,0,0,1,1,0,0,0.0
2024-03-07 03:40:00,0,1,0,2,6,6,0,0,0.0
2024-03-07 03:50:00,1,4,0,0,2,2,0,0,0.0
2024-03-07 04:00:00,2,6,0,1,1,2,0,0,0.0
2024-03-07 04:10:00,0,1,0,1,2,2,0,0,0.0
2024-03-07 04:20:00,1,3,1,1,5,5,0,0,0.0
2024-03-07 04:30:00,3,5,1,0,5,5,0,0,0.0
2024-03-07 04:40:00,2,3,0,1,5,5,0,0,0.0
2024-03-07 04:50:00,2,7,0,2,6,6,0,0,0.0
2024-03-07 05:00:00,5,12,2,3,8,8,0,0,0.0
2024-03-07 05:10:00,6,13,0,0,18,18,0,0,0.0
2024-03-07 05:20:00,5,8,2,3,15,16,0,0,0.0
2024-03-07 05:30:00,3,12,3,2,19,19,0,0,0.0
2024-03-07 05:40:00,8,14,2,2,18,18,0,0,0.0
2024-03-07 05:50:00,8,16,2,6,23,25,0,0,0.0
2024-03-07 06:00:00,8,13,2,4,21,20,0,0,0.0
2024-03-07 06:10:00,14,20,1,3,38,38,0,0,0.0
2024-03-07 06:20:00,14,16,3,5,34,35,0,0,0.0
2024-03-07 06:30:00,17,19,3,2,33,32,0,0,0.0
2024-03-07 06:40:00,15,17,2,6,36,37,0,0,0.0
2024-03-07 06:50:00,16,22,5,8,36,36,0,0,0.0
2024-03-07 07:00:00,12,19,5,5,33,37,0,0,0.0
2024-03-07 07:10:00,28,22,4,2,48,48,0,0,0.0
2024-03-07 07:20:00,26,24,6,8,54,54,0,0,0.0
2024-03-07 07:30:00,37,33,10,8,54,55,0,0,0.0
2024-03-07 07:40:00,42,28,9,10,64,67,0,0,0.0
2024-03-07 07:50:00,47,37,13,9,78,75,0,0,0.0
2024-03-07 08:00:00,26,34,12,11,64,67,0,0,0.0
2024-03-07 08:10:00,36,27,6,7,72,74,0,0,0.0
2024-03-07 08:20:00,40,36,13,14,64,64,0,0,0.0
2024-03-07 08:30:00,51,34,11,12,54,51,0,0,0.0
2024-03-07 08:40:00,38,29,12,6,65,66,0,0,0.0
2024-03-07 08:50:00,63,30,19,11,57,57,0,0,0.0
2024-03-07 09:00:00,42,24,14,13,56,56,0,0,0.0
2024-03-07 09:10:00,51,24,9,6,51,51,0,0,0.0
2024-03-07 09:20:00,46,27,10,5,66,69,0,0,0.0
2024-03-07 09:30:00,25,24,9,9,42,41,0,0,0.0
2024-03-07 09:40:00,22,21,6,5,50,52,0,0,0.0
2024-03-07 09:50:00,38,39,12,5,59,59,0,0,0.0
2024-03-07 10:00:00,20,20,14,5,55,56,0,0,0.0
2024-03-07 10:10:00,30,26,13,5,47,47,0,0,0.0
2024-03-07 10:20:00,25,21,11,6,43,43,0,0,0.0
2024-03-07 10:30:00,32,22,10,6,50,49,0,0,0.0
2024-03-07 10:40:00,26,31,10,8,62,62,0,0,0.0
2024-03-07 10:50:00,38,31,7,15,52,55,0,0,0.0
2024-03-07 11:00:00,24,21,6,8,46,44,0,0,0.0
2024-03-07 11:10:00,33,22,13,5,57,59,0,0,0.0
2024-03-07 11:20:00,30,38,10,5,58,57,0,0,0.0
2024-03-07 11:30:00,42,34,11,9,49,53,0,0,0.0
2024-03-07 11:40:00,35,28,17,2,63,65,0,0,0.0
2024-03-07 11:50:00,29,32,12,7,57,56,0,0,0.0
2024-03-07 12:00:00,50,36,16,5,53,55,0,0,0.0
2024-03-07 12:10:00,50,33,17,8,54,51,0,0,0.0
2024-03-07 12:20:00,43,32,12,9,73,76,0,0,0.0
2024-03-07 12:30:00,33,22,11,7,52,50,0,0,0.0
2024-03-07 12:40:00,50,27,12,8,58,59,0,0,0.0
2024-03-07 12:50:00,42,33,12,11,59,58,0,0,0.0
2024-03-07 13:00:00,47,33,19,25,64,64,0,0,0.0
2024-03-07 13:10:00,50,37,28,24,64,64,0,0,0.0
2024-03-07 13:20:00,59,33,7,10,74,76,0,0,0.0
2024-03-07 13:30:00,58,40,11,10,57,57,0,0,0.0
2024-03-07 13:40:00,42,22,15,2,52,62,0,0,0.0
2024-03-07 13:50:00,41,29,13,8,59,55,0,0,0.0
2024-03-07 14:00:00,38,27,11,9,45,48,0,0,0.0
2024-03-07 14:10:00,37,28,11,10,59,57,0,0,0.0
2024-03-07 14:20:00,49,28,18,10,58,59,0,0,0.0
2024-03-07 14:30:00,39,25,19,11,52,54,0,0,0.0
2024-03-07 14:40:00,45,34,9,12,62,61,0,0,0.0
2024-03-07 14:50:00,49,27,15,14,63,66,0,0,0.0
2024-03-07 15:00:00,50,35,16,16,70,66,0,0,0.0
2024-03-07 15:10:00,49,35,19,16,70,72,0,0,0.0
2024-03-07 15:20:00,51,38,14,9,81,81,0,0,0.0
2024-03-07 15:30:00,55,39,21,15,63,61,0,0,0.0
2024-03-07 15:40:00,57,31,12,9,60,61,0,0,0.0
2024-03-07 15:50:00,59,43,9,12,66,65,0,0,0.0
2024-03-07 16:00:00,48,29,10,13,76,76,0,0,0.0
2024-03-07 16:10:00,69,29,14,16,74,74,0,0,0.0
2024-03-07 16:20:00,57,31,16,22,79,77,0,0,0.0
2024-03-07 16:30:00,59,35,23,16,70,73,0,0,0.0
2024-03-07 16:40:00,52,37,12,10,78,81,0,0,0.0
2024-03-07 16:50:00,59,36,14,9,68,68,0,0,0.0
2024-03-07 17:00:00,49,40,19,16,63,62,0,0,0.0
2024-03-07 17:10:00,64,47,15,18,72,71,0,0,0.0
2024-03-07 17:20:00,51,32,18,10,54,55,0,0,0.0
2024-03-07 17:30:00,54,34,12,16,65,66,0,0,0.0
2024-03-07 17:40:00,57,32,15,9,71,73,0,0,0.0
2024-03-07 17:50:00,47,27,6,4,91,88,0,0,0.0
2024-03-07 18:00:00,54,30,13,11,69,74,0,0,0.0
2024-03-07 18:10:00,55,28,12,11,78,81,0,0,0.0
2024-03-07 18:20:00,46,29,24,7,63,61,0,0,0.0
2024-03-07 18:30:00,41,25,12,11,53,53,0,0,0.0
2024-03-07 18:40:00,36,32,8,4,52,53,0,0,0.0
2024-03-07 18:50:00,49,31,6,12,51,51,0,0,0.0
2024-03-07 19:00:00,41,26,6,11,53,54,0,0,0.0
2024-03-07 19:10:00,26,28,12,6,61,62,0,0,0.0
2024-03-07 19:20:00,32,23,10,8,43,43,0,0,0.0
2024-03-07 19:30:00,34,20,11,8,40,41,0,0,0.0
2024-03-07 19:40:00,32,26,12,7,48,50,0,0,0.0
2024-03-07 19:50:00,31,21,11,9,40,38,0,0,0.0
2024-03-07 20:00:00,33,24,15,0,33,34,0,0,0.0
2024-03-07 20:10:00,32,24,9,5,38,39,0,0,0.0
2024-03-07 20:20:00,40,24,10,12,40,41,0,0,0.0
2024-03-07 20:30:00,29,24,11,5,26,27,0,0,0.0
2024-03-07 20:40:00,14,12,2,3,32,32,0,0,0.0
2024-03-07 20:50:00,26,19,7,3,32,31,0,0,0.0
2024-03-07 21:00:00,19,17,9,8,21,22,0,0,0.0
2024-03-07 21:10:00,22,21,7,5,30,29,0,0,0.0
2024-03-07 21:20:00,11,13,4,5,20,20,0,0,0.0
2024-03-07 21:30:00,29,16,9,10,33,33,0,0,0.0
2024-03-07 21:40:00,15,9,5,7,13,13,0,0,0.0
2024-03-07 21:50:00,13,16,4,8,15,16,0,0,0.0
2024-03-07 22:00:00,21,17,8,4,23,22,0,0,0.0
2024-03-07 22:10:00,19,19,6,5,27,26,0,0,0.0
2024-03-07 22:20:00,15,10,4,6,17,21,0,0,0.0
2024-03-07 22:30:00,17,10,6,1,24,20,0,0,0.0
2024-03-07 22:40:00,24,20,7,14,19,19,0,0,0.0
2024-03-07 22:50:00,23,15,7,8,12,12,0,0,0.0
2024-03-07 23:00:00,11,14,4,7,24,24,0,0,0.0
2024-03-07 23:10:00,11,8,3,2,17,17,0,0,0.0
2024-03-07 23:20:00,8,7,1,0,8,8,0,0,0.0
2024-03-07 23:30:00,12,10,4,1,3,3,0,0,0.0
2024-03-07 23:40:00,8,13,5,10,6,6,0,0,0.0
2024-03-07 23:50:00,10,9,1,2,9,9,0,0,0.0
2024-03-08 00:00:00,6,11,4,1,7,7,0,0,0.0
2024-03-08 00:10:00,6,6,2,1,6,6,0,0,0.0
2024-03-08 00:20:00,3,6,1,1,6,7,0,0,0.0
2024-03-08 00:30:00,6,7,1,2,6,5,0,0,0.0
2024-03-08 00:40:00,5,6,1,0,6,6,0,0,0.0
2024-03-08 00:50:00,3,4,2,0,0,0,0,0,0.0
2024-03-08 01:00:00,6,8,2,3,3,3,0,0,0.0
2024-03-08 01:10:00,3,4,2,1,5,5,0,0,0.0
2024-03-08 01:20:00,6,2,3,0,1,1,0,0,0.0
2024-03-08 01:30:00,6,6,2,0,2,2,0,0,0.0
2024-03-08 01:40:00,2,4,0,1,2,2,0,0,0.0
2024-03-08 01:50:00,1,1,0,2,1,1,0,0,0.0
2024-03-08 02:00:00,3,5,1,0,2,2,0,0,0.0
2024-03-08 02:10:00,4,5,0,0,4,4,0,0,0.0
2024-03-08 02:20:00,3,2,0,0,1,1,0,0,0.0
2024-03-08 02:30:00,2,2,3,0,0,0,0,0,0.0
2024-03-08 02:40:00,1,3,1,2,2,2,0,0,0.0
2024-03-08 02:50:00,2,4,1,2,0,0,0,0,0.0
2024-03-08 03:00:00,2,3,1,0,4,4,0,0,0.0
2024-03-08 03:10:00,0,4,1,0,3,3,0,0,0.0
2024-03-08 03:20:00,0,0,0,0,1,1,0,0,0.0
2024-03-08 03:30:00,2,3,0,0,3,3,0,0,0.0
2024-03-08 03:40:00,1,3,1,0,1,1,0,0,0.0
2024-03-08 03:50:00,0,4,0,0,2,2,0,0,0.0
2024-03-08 04:00:00,0,4,3,0,1,1,0,0,0.0
2024-03-08 04:10:00,3,7,0,0,1,1,0,0,0.0
2024-03-08 04:20:00,2,3,1,1,0,0,0,0,0.0
2024-03-08 04:30:00,2,3,0,1,2,3,0,0,0.0
2024-03-08 04:40:00,2,5,1,3,8,7,0,0,0.0
2024-03-08 04:50:00,0,3,1,1,6,6,0,0,0.0
2024-03-08 05:00:00,2,4,1,5,8,8,0,0,0.0
2024-03-08 05:10:00,10,11,1,4,13,13,0,0,0.0
2024-03-08 05:20:00,5,9,0,0,12,12,0,0,0.0
2024-03-08 05:30:00,5,13,1,1,11,11,0,0,0.0
2024-03-08 05:40:00,9,15,0,5,23,23,0,0,0.0
2024-03-08 05:50:00,7,8,0,3,18,19,0,0,0.0
2024-03-08 06:00:00,9,17,4,5,27,26,0,0,0.0
2024-03-08 06:10:00,13,14,2,6,31,33,0,0,0.0
2024-03-08 06:20:00,11,15,9,9,30,31,0,0,0.0
2024-03-08 06:30:00,15,19,2,2,37,35,0,0,0.0
2024-03-08 06:40:00,16,19,4,3,37,37,0,0,0.0
2024-03-08 06:50:00,18,18,2,7,41,43,0,0,0.0
2024-03-08 07:00:00,19,18,2,8,42,45,0,0,0.0
2024-03-08 07:10:00,22,26,6,8,40,39,0,0,0.0
2024-03-08 07:20:00,26,33,10,9,49,49,0,0,0.0
2024-03-08 07:30:00,27,22,4,5,46,47,0,0,0.0
2024-03-08 07:40:00,35,35,10,10,54,55,0,0,0.0
2024-03-08 07:50:00,42,46,13,10,62,61,0,0,0.0
2024-03-08 08:00:00,35,31,15,9,72,72,0,0,0.0
2024-03-08 08:10:00,42,33,9,7,51,51,0,0,0.0
2024-03-08 08:20:00,27,26,9,6,55,56,0,0,0.0
2024-03-08 08:30:00,40,33,10,10,68,67,0,0,0.0
2024-03-08 08:40:00,40,32,14,7,54,56,0,0,0.0
2024-03-08 08:50:00,42,41,14,12,59,59,0,0,0.0
2024-03-08 09:00:00,37,30,10,11,44,45,0,0,0.0
2024-03-08 09:10:00,37,28,14,4,43,46,0,0,0.0
2024-03-08 09:20:00,26,22,8,9,52,51,0,0,0.0
2024-03-08 09:30:00,38,38,11,5,58,58,0,0,0.0
2024-03-08 09:40:00,30,23,14,8,56,59,0,0,0.0
2024-03-08 09:50:00,19,34,12,8,58,57,0,0,0.0
2024-03-08 10:00:00,29,24,5,11,52,52,0,0,0.0
2024-03-08 10:10:00,29,33,8,3,52,51,0,0,0.0
2024-03-08 10:20:00,30,29,12,3,54,54,0,0,0.0
2024-03-08 10:30:00,37,25,17,4,50,52,0,0,0.0
2024-03-08 10:40:00,36,34,11,8,45,42,0,0,0.0
2024-03-08 10:50:00,47,34,9,4,56,57,0,0,0.0
2024-03-08 11:00:00,29,29,10,7,53,52,0,0,0.0
2024-03-08 11:10:00,50,34,21,11,51,50,0,0,0.0
2024-03-08 11:20:00,39,31,18,8,50,53,0,0,0.0
2024-03-08 11:30:00,42,31,9,5,59,56,0,0,0.0
2024-03-08 11:40:00,51,33,9,4,55,54,0,0,0.0
2024-03-08 11:50:00,47,27,15,9,60,60,0,0,0.0
2024-03-08 12:00:00,44,35,10,10,58,62,0,0,0.0
2024-03-08 12:10:00,45,28,14,8,63,62,0,0,0.0
2024-03-08 12:20:00,40,31,16,12,71,72,0,0,0.0
2024-03-08 12:30:00,33,30,16,9,78,76,0,0,0.0
2024-03-08 12:40:00,50,32,17,8,67,70,0,0,0.0
2024-03-08 12:50:00,44,39,21,15,72,70,0,0,0.0
2024-03-08 13:00:00,53,43,19,13,77,74,0,0,0.0
2024-03-08 13:10:00,48,26,14,14,74,75,0,0,0.0
2024-03-08 13:20:00,38,32,17,18,63,67,0,0,0.0
2024-03-08 13:30:00,56,31,18,10,72,66,0,0,0.0
2024-03-08 13:40:00,46,27,17,9,59,61,0,0,0.0
2024-03-08 13:50:00,52,25,20,9,56,55,0,0,0.0
2024-03-08 14:00:00,45,40,20,13,48,49,0,0,0.0
2024-03-08 14:10:00,57,31,9,1,61,65,0,0,0.0
2024-03-08 14:20:00,61,41,15,11,61,60,0,0,0.0
2024-03-08 14:30:00,59,42,14,14,62,60,0,0,0.0
2024-03-08 14:40:00,41,35,16,8,65,65,0,0,0.0
2024-03-08 14:50:00,63,38,20,10,48,50,0,0,0.0
2024-03-08 15:00:00,46,30,15,8,67,64,0,0,0.0
2024-03-08 15:10:00,52,40,25,8,52,55,0,0,0.0
2024-03-08 15:20:00,57,38,12,12,59,56,0,0,0.0
2024-03-08 15:30:00,52,33,19,9,76,78,0,0,0.0
2024-03-08 15:40:00,59,35,10,7,61,63,0,0,0.0
2024-03-08 15:50:00,57,37,14,6,59,59,0,0,0.0
2024-03-08 16:00:00,55,30,15,12,79,80,0,0,0.0
2024-03-08 16:10:00,57,36,11,8,53,56,0,0,0.0
2024-03-08 16:20:00,38,29,15,11,61,59,0,0,0.0
2024-03-08 16:30:00,66,37,11,7,58,58,0,0,0.0
2024-03-08 16:40:00,52,41,14,13,62,65,0,0,0.0
2024-03-08 16:50:00,69,42,11,14,74,72,0,0,0.0
2024-03-08 17:00:00,57,40,16,7,44,44,0,0,0.0
2024-03-08 17:10:00,49,37,13,5,64,66,0,0,0.0
2024-03-08 17:20:00,49,28,12,14,68,66,0,0,0.0
2024-03-08 17:30:00,50,25,19,13,61,65,0,0,0.0
2024-03-08 17:40:00,54,32,10,11,75,77,0,0,0.0
2024-03-08 17:50:00,57,40,18,11,65,61,0,0,0.0
2024-03-08 18:00:00,46,22,15,5,57,57,0,0,0.0
2024-03-08 18:10:00,38,29,12,6,69,71,0,0,0.0
2024-03-08 18:20:00,48,37,18,12,73,70,0,0,0.0
2024-03-08 18:30:00,31,23,16,12,55,56,0,0,0.0
2024-03-08 18:40:00,56,35,18,9,46,47,0,0,0.0
2024-03-08 18:50:00,45,36,13,7,57,56,0,0,0.0
2024-03-08 19:00:00,51,32,12,18,39,39,0,0,0.0
2024-03-08 19:10:00,37,26,9,7,65,71,0,0,0.0
2024-03-08 19:20:00,50,32,14,3,59,57,0,0,0.0
2024-03-08 19:30:00,33,34,9,9,52,52,0,0,0.0
2024-03-08 19:40:00,41,29,9,10,51,53,0,0,0.0
2024-03-08 19:50:00,32,26,12,3,44,43,0,0,0.0
2024-03-08 20:00:00,41,34,9,12,42,46,0,0,0.0
2024-03-08 20:10:00,40,30,9,4,42,39,0,0,0.0
2024-03-08 20:20:00,22,26,19,14,51,53,0,0,0.0
2024-03-08 20:30:00,38,25,7,4,44,43,0,0,0.0
2024-03-08 20:40:00,17,21,11,11,36,38,0,0,0.0
2024-03-08 20:50:00,33,22,8,4,48,47,0,0,0.0
2024-03-08 21:00:00,25,16,5,14,33,34,0,0,0.0
2024-03-08 21:10:00,30,18,3,6,29,28,0,0,0.0
2024-03-08 21:20:00,26,15,9,7,26,27,0,0,0.0
2024-03-08 21:30:00,31,28,13,3,36,35,0,0,0.0
2024-03-08 21:40:00,20,14,7,11,30,30,0,0,0.0
2024-03-08 21:50:00,14,14,16,24,28,28,0,0,0.0
2024-03-08 22:00:00,34,25,9,14,33,33,0,0,0.0
2024-03-08 22:10:00,24,11,10,9,40,39,0,0,0.0
2024-03-08 22:20:00,24,14,13,9,49,49,0,0,0.0
2024-03-08 22:30:00,20,19,9,8,23,23,0,0,0.0
2024-03-08 22:40:00,20,24,11,18,31,32,0,0,0.0
2024-03-08 22:50:00,16,20,9,12,24,24,0,0,0.0
2024-03-08 23:00:00,22,22,9,4,21,20,0,0,0.0
2024-03-08 23:10:00,16,21,6,4,29,29,0,0,0.0
2024-03-08 23:20:00,17,16,4,4,14,14,0,0,0.0
2024-03-08 23:30:00,25,14,3,2,14,15,0,0,0.0
2024-03-08 23:40:00,12,15,10,12,14,14,0,0,0.0
2024-03-08 23:50:00,13,9,13,4,16,16,0,0,0.0
2024-03-09 00:00:00,10,14,2,6,8,10,0,0,0.0
2024-03-09 00:10:00,19,14,7,4,15,13,0,0,0.0
2024-03-09 00:20:00,8,13,0,3,11,11,0,0,0.0
2024-03-09 00:30:00,9,8,2,7,15,15,0,0,0.0
2024-03-09 00:40:00,16,10,2,2,15,15,0,0,0.0
2024-03-09 00:50:00,13,12,5,6,13,13,0,0,0.0
2024-03-09 01:00:00,14,20,3,9,11,11,0,0,0.0
2024-03-09 01:10:00,10,12,1,3,12,12,0,0,0.0
2024-03-09 01:20:00,11,10,4,8,5,5,0,0,0.0
2024-03-09 01:30:00,14,10,3,3,9,9,0,0,0.0
2024-03-09 01:40:00,5,6,2,3,9,9,0,0,0.0
2024-03-09 01:50:00,8,12,1,0,5,5,0,0,0.0
2024-03-09 02:00:00,10,8,1,3,9,9,0,0,0.0
2024-03-09 02:10:00,8,9,2,4,6,6,0,0,0.0
2024-03-09 02:20:00,4,4,1,0,3,3,0,0,0.0
2024-03-09 02:30:00,5,7,3,2,7,7,0,0,0.0
2024-03-09 02:40:00,4,3,0,1,2,2,0,0,0.0
2024-03-09 02:50:00,5,5,0,0,2,3,0,0,0.0
2024-03-09 03:00:00,5,6,1,1,1,1,0,0,0.0
2024-03-09 03:10:00,4,5,0,1,4,4,0,0,0.0
2024-03-09 03:20:00,3,5,4,0,5,5,0,0,0.0
2024-03-09 03:30:00,4,4,2,0,0,0,0,0,0.0
2024-03-09 03:40:00,5,6,2,4,3,3,0,0,0.0
2024-03-09 03:50:00,6,6,2,1,3,3,0,0,0.0
2024-03-09 04:00:00,2,6,2,3,3,3,0,0,0.0
2024-03-09 04:10:00,7,4,1,0,3,3,0,0,0.0
2024-03-09 04:20:00,2,3,0,2,5,5,0,0,0.0
2024-03-09 04:30:00,1,4,1,1,10,10,0,0,0.0
2024-03-09 04:40:00,2,2,1,4,5,5,0,0,0.0
2024-03-09 04:50:00,5,6,2,1,7,7,0,0,0.0
2024-03-09 05:00:00,1,10,1,0,10,10,0,0,0.0
2024-03-09 05:10:00,5,5,0,0,6,6,0,0,0.0
2024-03-09 05:20:00,2,6,4,1,6,6,0,0,0.0
2024-03-09 05:30:00,9,11,0,0,9,9,0,0,0.0
2024-03-09 05:40:00,8,13,0,1,10,10,0,0,0.0
2024-03-09 05:50:00,1,4,0,1,3,3,0,0,0.0
2024-03-09 06:00:00,2,5,4,2,14,14,0,0,0.0
2024-03-09 06:10:00,1,12,0,2,15,15,0,0,0.0
2024-03-09 06:20:00,6,8,1,3,15,15,0,0,0.0
2024-03-09 06:30:00,5,9,3,0,13,12,0,0,0.0
2024-03-09 06:40:00,4,3,0,4,8,8,0,0,0.0
2024-03-09 06:50:00,6,9,1,1,11,11,0,0,0.0
2024-03-09 07:00:00,4,7,1,2,15,15,0,0,0.0
2024-03-09 07:10:00,8,12,2,3,10,11,0,0,0.0
2024-03-09 07:20:00,7,9,1,4,14,14,0,0,0.0
2024-03-09 07:30:00,5,12,0,0,16,16,0,0,0.0
2024-03-09 07:40:00,4,8,2,0,16,17,0,0,0.0
2024-03-09 07:50:00,12,10,2,4,20,20,0,0,0.0
2024-03-09 08:00:00,6,8,3,4,25,24,0,0,0.0
2024-03-09 08:10:00,7,9,3,3,42,43,0,0,0.0
2024-03-09 08:20:00,14,13,4,1,30,29,0,0,0.0
2024-03-09 08:30:00,23,14,5,2,27,26,0,0,0.0
2024-03-09 08:40:00,20,11,2,6,35,36,0,0,0.0
2024-03-09 08:50:00,17,13,7,2,32,32,0,0,0.0
2024-03-09 09:00:00,24,14,4,3,24,24,0,0,0.0
2024-03-09 09:10:00,26,22,6,2,37,41,0,0,0.0
2024-03-09 09:20:00,26,20,9,2,36,32,0,0,0.0
2024-03-09 09:30:00,15,16,7,4,30,30,0,0,0.0
2024-03-09 09:40:00,33,21,6,1,45,45,0,0,0.0
2024-03-09 09:50:00,36,25,12,3,45,45,0,0,0.0
2024-03-09 10:00:00,31,16,9,4,39,39,0,0,0.0
2024-03-09 10:10:00,27,23,8,3,48,50,0,0,0.0
2024-03-09 10:20:00,36,22,3,7,45,44,0,0,0.0
2024-03-09 10:30:00,31,21,10,2,38,39,0,0,0.0
2024-03-09 10:40:00,32,18,12,6,53,53,0,0,0.0
2024-03-09 10:50:00,38,26,5,3,43,43,0,0,0.0
2024-03-09 11:00:00,39,23,6,3,53,53,0,0,0.0
2024-03-09 11:10:00,38,27,11,9,42,44,0,0,0.0
2024-03-09 11:20:00,36,20,9,7,50,48,0,0,0.0
2024-03-09 11:30:00,33,18,6,7,44,44,0,0,0.0
2024-03-09 11:40:00,55,31,19,3,51,52,0,0,0.0
2024-03-09 11:50:00,40,28,4,6,54,54,0,0,0.0
2024-03-09 12:00:00,32,18,11,5,66,69,0,0,0.0
2024-03-09 12:10:00,45,32,13,2,61,58,0,0,0.0
2024-03-09 12:20:00,46,27,12,4,60,60,0,0,0.0
2024-03-09 12:30:00,42,26,13,6,53,54,0,0,0.0
2024-03-09 12:40:00,44,29,11,3,61,59,0,0,0.0
2024-03-09 12:50:00,45,32,9,5,57,57,0,0,0.0
2024-03-09 13:00:00,58,26,10,9,59,58,0,0,0.0
2024-03-09 13:10:00,40,24,9,7,59,59,0,0,0.0
2024-03-09 13:20:00,42,22,6,7,65,65,0,0,0.0
2024-03-09 13:30:00,53,33,11,7,42,44,0,0,0.0
2024-03-09 13:40:00,42,34,15,10,52,54,0,0,0.0
2024-03-09 13:50:00,41,18,10,5,59,56,0,0,0.0
2024-03-09 14:00:00,41,31,8,10,53,55,0,0,0.0
2024-03-09 14:10:00,36,18,11,9,69,67,0,0,0.0
2024-03-09 14:20:00,48,31,6,8,55,55,0,0,0.0
2024-03-09 14:30:00,50,25,11,8,67,69,0,0,0.0
2024-03-09 14:40:00,50,34,14,6,65,63,0,0,0.0
2024-03-09 14:50:00,23,19,6,8,56,58,0,0,0.0
2024-03-09 15:00:00,38,28,8,4,58,56,0,0,0.0
2024-03-09 15:10:00,38,19,12,2,42,45,0,0,0.0
2024-03-09 15:20:00,36,24,14,6,59,56,0,0,0.0
2024-03-09 15:30:00,48,22,10,6,54,55,0,0,0.0
2024-03-09 15:40:00,51,34,11,13,57,57,0,0,0.0
2024-03-09 15:50:00,41,28,9,10,58,59,0,0,0.0
2024-03-09 16:00:00,37,26,15,7,57,58,0,0,0.0
2024-03-09 16:10:00,24,24,6,4,59,56,0,0,0.0
2024-03-09 16:20:00,26,23,13,10,57,60,0,0,0.0
2024-03-09 16:30:00,48,32,15,11,51,48,0,0,0.0
2024-03-09 16:40:00,51,31,9,7,63,65,0,0,0.0
2024-03-09 16:50:00,33,24,4,8,48,49,0,0,0.0
2024-03-09 17:00:00,42,30,17,12,50,51,0,0,0.0
2024-03-09 17:10:00,34,24,11,2,45,43,0,0,0.0
2024-03-09 17:20:00,43,27,10,11,45,48,0,0,0.0
2024-03-09 17:30:00,40,33,10,8,54,52,0,0,0.0
2024-03-09 17:40:00,29,25,8,10,50,51,0,0,0.0
2024-03-09 17:50:00,42,32,13,8,54,52,0,0,0.0
2024-03-09 18:00:00,29,23,8,9,40,41,0,0,0.0
2024-03-09 18:10:00,41,32,12,5,45,45,0,0,0.0
2024-03-09 18:20:00,32,23,11,7,47,49,0,0,0.0
2024-03-09 18:30:00,37,31,14,7,48,46,0,0,0.0
2024-03-09 18:40:00,38,27,6,6,57,60,0,0,0.0
2024-03-09 18:50:00,36,28,5,3,48,45,0,0,0.0
2024-03-09 19:00:00,47,20,4,6,54,55,0,0,0.0
2024-03-09 19:10:00,33,30,13,10,46,48,0,0,0.0
2024-03-09 19:20:00,38,37,14,12,55,54,0,0,0.0
2024-03-09 19:30:00,34,24,11,8,43,44,0,0,0.0
2024-03-09 19:40:00,42,26,15,9,42,40,0,0,0.0
2024-03-09 19:50:00,34,26,13,7,46,46,0,0,0.0
2024-03-09 20:00:00,30,29,4,5,46,47,0,0,0.0
2024-03-09 20:10:00,31,23,6,7,44,43,0,0,0.0
2024-03-09 20:20:00,21,19,11,6,41,41,0,0,0.0
2024-03-09 20:30:00,31,25,4,7,27,28,0,0,0.0
2024-03-09 20:40:00,22,24,8,10,29,29,0,0,0.0
2024-03-09 20:50:00,26,24,2,7,40,41,0,0,0.0
2024-03-09 21:00:00,23,20,14,5,22,24,0,0,0.0
2024-03-09 21:10:00,23,19,6,7,37,39,0,0,0.0
2024-03-09 21:20:00,17,18,7,5,34,31,0,0,0.0
2024-03-09 21:30:00,21,18,8,8,23,24,0,0,0.0
2024-03-09 21:40:00,17,21,7,5,37,37,0,0,0.0
2024-03-09 21:50:00,28,15,11,16,27,27,0,0,0.0
2024-03-09 22:00:00,19,13,8,3,19,19,0,0,0.0
2024-03-09 22:10:00,14,13,3,4,20,21,0,0,0.0
2024-03-09 22:20:00,23,20,19,11,36,36,0,0,0.0
2024-03-09 22:30:00,24,22,6,9,18,18,0,0,0.0
2024-03-09 22:40:00,17,14,8,15,28,28,0,0,0.0
2024-03-09 22:50:00,27,21,9,13,27,27,0,0,0.0
2024-03-09 23:00:00,21,17,3,11,24,25,0,0,0.0
2024-03-09 23:10:00,12,15,9,8,37,37,0,0,0.0
2024-03-09 23:20:00,18,12,4,6,23,23,0,0,0.0
2024-03-09 23:30:00,16,13,4,3,24,24,0,0,0.0
2024-03-09 23:40:00,12,13,11,14,23,23,0,0,0.0
2024-03-09 23:50:00,5,9,4,6,18,19,0,0,0.0
2024-03-10 00:00:00,13,7,0,3,17,17,0,0,0.0
2024-03-10 00:10:00,12,8,4,9,10,10,0,0,0.0
2024-03-10 00:20:00,14,12,9,5,18,18,0,0,0.0
2024-03-10 00:30:00,19,17,2,9,16,16,0,0,0.0
2024-03-10 00:40:00,6,9,8,3,11,11,0,0,0.0
2024-03-10 00:50:00,11,11,4,5,14,14,0,0,0.0
2024-03-10 01:00:00,17,12,3,8,15,15,0,0,0.0
2024-03-10 01:10:00,6,7,2,0,5,6,0,0,0.0
2024-03-10 01:20:00,8,7,2,2,8,8,0,0,0.0
2024-03-10 01:30:00,9,8,2,9,4,4,0,0,0.0
2024-03-10 01:40:00,4,7,2,6,15,15,0,0,0.0
2024-03-10 01:50:00,5,8,3,0,4,4,0,0,0.0
2024-03-10 02:00:00,5,3,1,0,5,5,0,0,0.0
2024-03-10 02:10:00,8,12,2,2,4,4,0,0,0.0
2024-03-10 02:20:00,6,8,0,2,9,9,0,0,0.0
2024-03-10 02:30:00,9,9,0,5,6,6,0,0,0.0
2024-03-10 02:40:00,5,4,0,1,6,6,0,0,0.0
2024-03-10 02:50:00,5,7,2,1,5,5,0,0,0.0
2024-03-10 03:00:00,7,7,0,1,6,7,0,0,0.0
2024-03-10 03:10:00,4,8,0,0,5,5,0,0,0.0
2024-03-10 03:20:00,8,7,0,2,3,3,0,0,0.0
2024-03-10 03:30:00,8,9,1,1,6,6,0,0,0.0
2024-03-10 03:40:00,5,8,1,1,2,2,0,0,0.0
2024-03-10 03:50:00,8,13,2,2,9,9,0,0,0.0
2024-03-10 04:00:00,4,3,0,4,0,0,0,0,0.0
2024-03-10 04:10:00,7,12,0,5,10,10,0,0,0.0
2024-03-10 04:20:00,4,7,2,0,4,4,0,0,0.0
2024-03-10 04:30:00,7,8,0,1,6,6,0,0,0.0
2024-03-10 04:40:00,5,6,0,0,5,5,0,0,0.0
2024-03-10 04:50:00,3,5,1,2,8,8,0,0,0.0
2024-03-10 05:00:00,1,5,1,1,2,2,0,0,0.0
2024-03-10 05:10:00,1,3,1,1,4,4,0,0,0.0
2024-03-10 05:20:00,8,11,1,4,7,7,0,0,0.0
2024-03-10 05:30:00,4,3,2,4,4,4,0,0,0.0
2024-03-10 05:40:00,3,3,2,0,8,8,0,0,0.0
2024-03-10 05:50:00,3,2,0,2,3,3,0,0,0.0
2024-03-10 06:00:00,2,6,1,1,4,4,0,0,0.0
2024-03-10 06:10:00,3,2,2,2,8,8,0,0,0.0
2024-03-10 06:20:00,7,6,0,2,4,5,0,0,0.0
2024-03-10 06:30:00,3,4,2,1,4,4,0,0,0.0
2024-03-10 06:40:00,1,2,0,0,7,8,0,0,0.0
2024-03-10 06:50:00,3,4,2,3,5,4,0,0,0.0
2024-03-10 07:00:00,2,7,2,0,5,5,0,0,0.0
2024-03-10 07:10:00,4,6,2,0,3,3,0,0,0.0
2024-03-10 07:20:00,2,2,2,2,4,4,0,0,0.0
2024-03-10 07:30:00,10,7,0,3,7,7,0,0,0.0
2024-03-10 07:40:00,5,4,0,0,6,6,0,0,0.0
2024-03-10 07:50:00,3,2,1,0,8,8,0,0,0.0
2024-03-10 08:00:00,1,2,2,1,11,10,0,0,0.0
2024-03-10 08:10:00,5,8,0,1,11,11,0,0,0.0
2024-03-10 08:20:00,13,9,1,1,13,13,0,0,0.0
2024-03-10 08:30:00,12,14,0,2,23,23,0,0,0.0
2024-03-10 08:40:00,11,11,4,2,20,21,0,0,0.0
2024-03-10 08:50:00,6,8,1,4,16,15,0,0,0.0
2024-03-10 09:00:00,7,12,3,1,16,16,0,0,0.0
2024-03-10 09:10:00,8,12,0,2,14,14,0,0,0.0
2024-03-10 09:20:00,12,9,3,5,12,12,0,0,0.0
2024-03-10 09:30:00,11,13,4,1,16,16,0,0,0.0
2024-03-10 09:40:00,11,11,3,5,20,24,0,0,0.0
2024-03-10 09:50:00,18,13,6,5,26,26,0,0,0.0
2024-03-10 10:00:00,11,13,3,5,28,28,0,0,0.0
2024-03-10 10:10:00,19,13,4,1,27,28,0,0,0.0
2024-03-10 10:20:00,23,22,3,7,35,35,0,0,0.0
2024-03-10 10:30:00,22,11,4,3,28,28,0,0,0.0
2024-03-10 10:40:00,17,11,3,2,27,28,0,0,0.0
2024-03-10 10:50:00,23,13,4,1,25,25,0,0,0.0
2024-03-10 11:00:00,26,19,6,4,32,32,0,0,0.0
2024-03-10 11:10:00,18,18,5,3,34,34,0,0,0.0
2024-03-10 11:20:00,20,14,2,4,38,37,0,0,0.0
2024-03-10 11:30:00,31,25,9,4,39,38,0,0,0.0
2024-03-10 11:40:00,17,13,7,4,36,36,0,0,0.0
2024-03-10 11:50:00,16,7,8,5,33,36,0,0,0.0
2024-03-10 12:00:00,28,17,7,7,47,44,0,0,0.0
2024-03-10 12:10:00,31,27,6,7,36,37,0,0,0.0
2024-03-10 12:20:00,32,14,6,6,33,35,0,0,0.0
2024-03-10 12:30:00,26,18,5,8,45,45,0,0,0.0
2024-03-10 12:40:00,33,20,8,2,42,40,0,0,0.0
2024-03-10 12:50:00,24,13,7,5,46,48,0,0,0.0
2024-03-10 13:00:00,35,20,9,3,43,41,0,0,0.0
2024-03-10 13:10:00,32,24,9,8,43,44,0,0,0.0
2024-03-10 13:20:00,24,22,12,17,41,45,0,0,0.0
2024-03-10 13:30:00,33,23,7,12,49,46,0,0,0.0
2024-03-10 13:40:00,33,29,8,9,42,42,0,0,0.0
2024-03-10 13:50:00,41,25,14,12,63,61,0,0,0.0
2024-03-10 14:00:00,29,16,8,6,42,44,0,0,0.0
2024-03-10 14:10:00,30,17,9,7,32,32,0,0,0.0
2024-03-10 14:20:00,28,20,20,8,57,60,0,0,0.0
2024-03-10 14:30:00,27,18,8,7,51,48,0,0,0.0
2024-03-10 14:40:00,23,25,9,5,36,36,0,0,0.0
2024-03-10 14:50:00,28,23,16,4,51,55,0,0,0.0
2024-03-10 15:00:00,44,31,10,6,55,51,0,0,0.0
2024-03-10 15:10:00,25,15,12,11,33,37,0,0,0.0
2024-03-10 15:20:00,27,16,11,10,47,44,0,0,0.0
2024-03-10 15:30:00,37,24,8,6,47,46,0,0,0.0
2024-03-10 15:40:00,32,31,12,17,53,55,0,0,0.0
2024-03-10 15:50:00,13,18,14,9,46,44,0,0,0.0
2024-03-10 16:00:00,26,22,14,14,28,29,0,0,0.0
2024-03-10 16:10:00,25,27,18,15,58,59,0,0,0.0
2024-03-10 16:20:00,20,16,20,12,52,51,0,0,0.0
2024-03-10 16:30:00,35,23,11,5,53,54,0,0,0.0
2024-03-10 16:40:00,31,28,9,6,52,52,0,0,0.0
2024-03-10 16:50:00,30,26,12,12,62,63,0,0,0.0
2024-03-10 17:00:00,37,21,11,6,60,60,0,0,0.0
2024-03-10 17:10:00,41,30,11,5,48,51,0,0,0.0
2024-03-10 17:20:00,51,28,13,16,72,66,0,0,0.0
2024-03-10 17:30:00,29,27,9,4,44,44,0,0,0.0
2024-03-10 17:40:00,34,30,7,7,42,43,0,0,0.0
2024-03-10 17:50:00,27,27,11,5,49,52,0,0,0.0
2024-03-10 18:00:00,25,23,13,10,46,44,0,0,0.0
2024-03-10 18:10:00,34,23,14,7,54,53,0,0,0.0
2024-03-10 18:20:00,39,25,8,22,44,44,0,0,0.0
2024-03-10 18:30:00,33,19,11,11,48,48,0,0,0.0
2024-03-10 18:40:00,30,18,12,5,33,33,0,0,0.0
2024-03-10 18:50:00,23,23,8,10,37,37,0,0,0.0
2024-03-10 19:00:00,35,24,1,3,44,49,0,0,0.0
2024-03-10 19:10:00,19,19,8,2,29,27,0,0,0.0
2024-03-10 19:20:00,29,19,9,6,59,59,0,0,0.0
2024-03-10 19:30:00,39,24,14,10,37,38,0,0,0.0
2024-03-10 19:40:00,23,28,16,13,38,37,0,0,0.0
2024-03-10 19:50:00,31,22,11,4,27,27,0,0,0.0
2024-03-10 20:00:00,24,19,3,6,38,38,0,0,0.0
2024-03-10 20:10:00,26,24,6,2,26,28,0,0,0.0
2024-03-10 20:20:00,25,27,9,2,29,27,0,0,0.0
2024-03-10 20:30:00,23,18,3,8,28,28,0,0,0.0
2024-03-10 20:40:00,19,19,12,6,22,26,0,0,0.0
2024-03-10 20:50:00,9,9,6,6,31,27,0,0,0.0
2024-03-10 21:00:00,23,18,2,4,22,22,0,0,0.0
2024-03-10 21:10:00,22,15,3,4,22,23,0,0,0.0
2024-03-10 21:20:00,29,18,3,5,19,19,0,0,0.0
2024-03-10 21:30:00,24,21,4,2,21,22,0,0,0.0
2024-03-10 21:40:00,11,16,7,3,27,26,0,0,0.0
2024-03-10 21:50:00,15,13,8,3,19,20,0,0,0.0
2024-03-10 22:00:00,22,21,2,3,19,18,0,0,0.0
2024-03-10 22:10:00,15,9,0,0,17,17,0,0,0.0
2024-03-10 22:20:00,16,13,6,3,13,13,0,0,0.0
2024-03-10 22:30:00,12,12,3,3,8,8,0,0,0.0
2024-03-10 22:40:00,9,10,6,9,4,4,0,0,0.0
2024-03-10 22:50:00,10,12,6,7,7,7,0,0,0.0
2024-03-10 23:00:00,7,12,2,3,9,9,0,0,0.0
2024-03-10 23:10:00,4,5,2,1,7,7,0,0,0.0
2024-03-10 23:20:00,1,2,1,0,7,7,0,0,0.0
2024-03-10 23:30:00,5,6,3,3,14,14,0,0,0.0
2024-03-10 23:40:00,8,12,3,8,5,5,0,0,0.0
2024-03-10 23:50:00,5,3,1,3,7,6,0,0,0.0
2024-03-11 00:00:00,4,9,1,0,4,4,0,0,0.0
2024-03-11 00:10:00,2,3,0,0,3,3,0,0,0.0
2024-03-11 00:20:00,3,10,2,1,5,5,0,0,0.0
2024-03-11 00:30:00,7,8,0,0,3,3,0,0,0.0
2024-03-11 00:40:00,3,5,0,1,3,3,0,0,0.0
2024-03-11 00:50:00,2,5,0,1,5,5,0,0,0.0
2024-03-11 01:00:00,0,2,0,2,2,2,0,0,0.0
2024-03-11 01:10:00,1,4,1,2,1,1,0,0,0.0
2024-03-11 01:20:00,2,3,0,1,1,1,0,0,0.0
2024-03-11 01:30:00,0,2,0,1,3,3,0,0,0.0
2024-03-11 01:40:00,2,6,0,2,4,4,0,0,0.0
2024-03-11 01:50:00,0,3,0,0,2,2,0,0,0.0
2024-03-11 02:00:00,2,2,2,0,1,1,0,0,0.0
2024-03-11 02:10:00,0,0,1,0,2,2,0,0,0.0
2024-03-11 02:20:00,4,6,0,0,1,1,0,0,0.0
2024-03-11 02:30:00,0,1,1,1,2,2,0,0,0.0
2024-03-11 02:40:00,0,1,0,0,1,1,0,0,0.0
2024-03-11 02:50:00,1,1,0,0,1,1,0,0,0.0
2024-03-11 03:00:00,1,3,0,0,3,3,0,0,0.0
2024-03-11 03:10:00,1,1,1,0,0,0,0,0,0.0
2024-03-11 03:20:00,2,3,0,0,0,0,0,0,0.0
2024-03-11 03:30:00,1,3,0,1,1,1,0,0,0.0
2024-03-11 03:40:00,2,4,1,0,3,3,0,0,0.0
2024-03-11 03:50:00,0,2,2,2,3,3,0,0,0.0
2024-03-11 04:00:00,1,5,0,0,1,1,0,0,0.0
2024-03-11 04:10:00,2,2,0,0,1,1,0,0,0.0
2024-03-11 04:20:00,0,1,0,0,6,6,0,0,0.0
2024-03-11 04:30:00,1,4,0,0,8,8,0,0,0.0
2024-03-11 04:40:00,2,3,0,1,6,6,0,0,0.0
2024-03-11 04:50:00,5,8,5,0,8,8,0,0,0.0
2024-03-11 05:00:00,2,7,2,1,16,15,0,0,0.0
2024-03-11 05:10:00,4,9,0,0,17,17,0,0,0.0
2024-03-11 05:20:00,8,16,5,1,20,21,0,0,0.0
2024-03-11 05:30:00,3,9,1,7,16,18,0,0,0.0
2024-03-11 05:40:00,13,22,4,8,22,21,0,0,0.0
2024-03-11 05:50:00,6,12,2,5,21,24,0,0,0.0
2024-03-11 06:00:00,15,19,4,1,29,29,0,0,0.0
2024-03-11 06:10:00,12,18,4,7,37,36,0,0,0.0
2024-03-11 06:20:00,17,16,7,7,39,39,0,0,0.0
2024-03-11 06:30:00,11,13,2,5,27,28,0,0,0.0
2024-03-11 06:40:00,18,24,4,6,47,47,0,0,0.0
2024-03-11 06:50:00,22,26,5,9,40,41,0,0,0.0
2024-03-11 07:00:00,25,22,5,13,41,43,0,0,0.0
2024-03-11 07:10:00,32,26,8,7,53,53,0,0,0.0
2024-03-11 07:20:00,39,34,15,11,71,72,0,0,0.0
2024-03-11 07:30:00,34,23,6,12,59,59,0,0,0.0
2024-03-11 07:40:00,46,37,12,12,62,63,0,0,0.0
2024-03-11 07:50:00,39,37,12,15,77,75,0,0,0.0
2024-03-11 08:00:00,34,36,13,14,59,59,0,0,0.0
2024-03-11 08:10:00,48,39,8,6,70,70,0,0,0.0
2024-03-11 08:20:00,37,34,10,13,76,77,0,0,0.0
2024-03-11 08:30:00,48,42,11,14,55,58,0,0,0.0
2024-03-11 08:40:00,21,31,18,9,63,62,0,0,0.0
2024-03-11 08:50:00,37,32,19,9,62,62,0,0,0.0
2024-03-11 09:00:00,50,40,13,12,51,52,0,0,0.0
2024-03-11 09:10:00,41,38,17,18,56,57,0,0,0.0
2024-03-11 09:20:00,30,45,7,11,61,59,0,0,0.0
2024-03-11 09:30:00,38,31,16,19,50,66,0,0,0.0
2024-03-11 09:40:00,30,34,7,22,58,58,0,0,0.0
2024-03-11 09:50:00,23,28,10,7,50,52,0,0,0.0
